Frame,Prediction,Confidence,FPS
1,non-crocodile,0.7732,0.72
2,non-crocodile,0.798,0.92
3,non-crocodile,0.8424,0.95
4,non-crocodile,0.8762,0.95
5,non-crocodile,0.8933,0.94
6,non-crocodile,0.8984,0.91
7,non-crocodile,0.9106,0.9
8,non-crocodile,0.9485,0.9
9,non-crocodile,0.9632,0.93
10,non-crocodile,0.9694,0.93
11,non-crocodile,0.9714,0.82
12,non-crocodile,0.9707,0.91
13,non-crocodile,0.9761,0.86
14,non-crocodile,0.9851,0.89
15,non-crocodile,0.9884,0.8
16,non-crocodile,0.9869,0.91
17,non-crocodile,0.9839,0.88
18,non-crocodile,0.9827,0.88
19,non-crocodile,0.9773,0.83
20,non-crocodile,0.9685,0.79
21,non-crocodile,0.9461,0.94
22,non-crocodile,0.9235,0.9
23,non-crocodile,0.9217,0.82
24,non-crocodile,0.8879,0.9
25,non-crocodile,0.8752,0.77
26,non-crocodile,0.8729,0.78
27,non-crocodile,0.8709,0.75
28,non-crocodile,0.887,0.72
29,non-crocodile,0.8864,0.89
30,non-crocodile,0.8879,0.86
31,non-crocodile,0.8946,0.84
32,non-crocodile,0.9192,0.91
33,non-crocodile,0.9196,0.95
34,non-crocodile,0.9213,0.89
35,non-crocodile,0.9221,0.91
36,non-crocodile,0.9321,0.82
37,non-crocodile,0.9324,0.95
38,non-crocodile,0.9313,0.94
39,non-crocodile,0.9193,0.93
40,non-crocodile,0.9217,0.91
41,non-crocodile,0.9216,0.92
42,non-crocodile,0.9211,0.75
43,non-crocodile,0.9209,0.96
44,non-crocodile,0.9208,0.91
45,non-crocodile,0.9207,0.92
46,non-crocodile,0.921,0.91
47,non-crocodile,0.9212,0.83
48,non-crocodile,0.921,0.95
49,non-crocodile,0.9217,0.88
50,non-crocodile,0.9215,0.93
51,crocodile,0.9228,0.9
52,crocodile,0.9074,0.74
53,crocodile,0.9191,0.94
54,crocodile,0.9146,0.85
55,crocodile,0.914,0.72
56,crocodile,0.9101,0.93
57,crocodile,0.9177,0.9
58,crocodile,0.9093,0.9
59,crocodile,0.9067,0.81
60,crocodile,0.8938,0.91
61,crocodile,0.8896,0.9
62,crocodile,0.8877,0.84
63,crocodile,0.8765,0.73
64,crocodile,0.8836,0.87
65,crocodile,0.8894,0.9
66,crocodile,0.8772,0.89
67,crocodile,0.8784,0.87
68,crocodile,0.881,0.77
69,crocodile,0.8775,0.94
70,crocodile,0.8726,0.9
71,crocodile,0.8704,0.9
72,crocodile,0.8338,0.9
73,crocodile,0.8038,0.83
74,crocodile,0.7898,0.89
75,crocodile,0.7714,0.9
76,crocodile,0.8062,0.88
77,crocodile,0.8455,0.74
78,crocodile,0.8149,0.93
79,crocodile,0.851,0.87
80,crocodile,0.8685,0.76
81,crocodile,0.8748,0.93
82,crocodile,0.8721,0.9
83,crocodile,0.8064,0.82
84,crocodile,0.7798,0.86
85,crocodile,0.8738,0.91
86,crocodile,0.9168,0.93
87,crocodile,0.8636,0.92
88,crocodile,0.8798,0.9
89,crocodile,0.9076,0.89
90,crocodile,0.936,0.89
91,crocodile,0.9383,0.91
92,crocodile,0.9259,0.9
93,crocodile,0.9192,0.73
94,crocodile,0.9392,0.88
95,crocodile,0.9163,0.8
96,crocodile,0.9314,0.76
97,crocodile,0.9294,0.84
98,crocodile,0.9347,0.71
99,crocodile,0.922,0.87
100,crocodile,0.9075,0.81
101,crocodile,0.876,0.78
102,crocodile,0.8415,0.84
103,crocodile,0.7948,0.82
104,crocodile,0.8691,0.88
105,crocodile,0.7196,0.8
106,crocodile,0.7149,0.79
107,crocodile,0.8,0.8
108,crocodile,0.7304,0.8
109,crocodile,0.7072,0.81
110,crocodile,0.74,0.9
111,crocodile,0.6926,0.76
112,crocodile,0.8135,0.94
113,crocodile,0.7797,0.91
114,crocodile,0.8562,0.89
115,crocodile,0.8556,0.85
116,crocodile,0.8636,0.74
117,crocodile,0.9404,0.8
118,crocodile,0.9622,0.81
119,crocodile,0.9502,0.75
120,crocodile,0.9722,0.89
121,crocodile,0.9781,0.86
122,crocodile,0.9801,0.87
123,crocodile,0.9835,0.87
124,crocodile,0.991,0.84
125,crocodile,0.9877,0.76
126,crocodile,0.9888,0.89
127,crocodile,0.9894,0.81
128,crocodile,0.9922,0.84
129,crocodile,0.9903,0.85
130,crocodile,0.9903,0.88
131,crocodile,0.9866,0.83
132,crocodile,0.9887,0.89
133,crocodile,0.9881,0.79
134,crocodile,0.9908,0.88
135,crocodile,0.9866,0.86
136,crocodile,0.9831,0.85
137,crocodile,0.9888,0.87
138,crocodile,0.9905,0.77
139,crocodile,0.9929,0.9
140,crocodile,0.9954,0.83
141,crocodile,0.9926,0.85
142,crocodile,0.9927,0.89
143,crocodile,0.993,0.8
144,crocodile,0.9957,0.88
145,crocodile,0.995,0.87
146,crocodile,0.9943,0.81
147,crocodile,0.9944,0.76
148,crocodile,0.9964,0.83
149,crocodile,0.9974,0.85
150,crocodile,0.9982,0.79
151,crocodile,0.999,0.8
152,crocodile,0.9955,0.78
153,crocodile,0.9959,0.82
154,crocodile,0.9909,0.77
155,crocodile,0.9946,0.92
156,crocodile,0.996,0.85
157,crocodile,0.9835,0.9
158,crocodile,0.9849,0.85
159,crocodile,0.976,0.75
160,crocodile,0.9809,0.91
161,crocodile,0.9835,0.79
162,crocodile,0.9794,0.86
163,crocodile,0.9809,0.86
164,crocodile,0.9483,0.88
165,crocodile,0.9614,0.84
166,crocodile,0.9673,0.79
167,crocodile,0.9282,0.87
168,crocodile,0.9626,0.85
169,crocodile,0.9666,0.86
170,crocodile,0.9145,0.84
171,crocodile,0.9721,0.9
172,crocodile,0.9536,0.74
173,crocodile,0.9557,0.76
174,crocodile,0.9556,0.82
175,crocodile,0.9811,0.79
176,crocodile,0.9548,0.85
177,crocodile,0.9745,0.72
178,crocodile,0.9643,0.89
179,crocodile,0.9937,0.85
180,crocodile,0.9721,0.86
181,crocodile,0.9479,0.79
182,crocodile,0.8547,0.82
183,crocodile,0.9458,0.77
184,crocodile,0.973,0.9
185,crocodile,0.9855,0.85
186,crocodile,0.9836,0.81
187,crocodile,0.9913,0.9
188,crocodile,0.9946,0.76
189,crocodile,0.9957,0.88
190,crocodile,0.9893,0.82
191,crocodile,0.9889,0.88
192,crocodile,0.9893,0.73
193,crocodile,0.9845,0.91
194,crocodile,0.9885,0.83
195,crocodile,0.9947,0.76
196,crocodile,0.9951,0.88
197,crocodile,0.9918,0.79
198,crocodile,0.9978,0.84
199,crocodile,0.9926,0.84
200,crocodile,0.9938,0.84
201,crocodile,0.993,0.73
202,crocodile,0.9961,0.88
203,crocodile,0.9986,0.77
204,crocodile,0.9987,0.84
205,crocodile,0.9977,0.87
206,crocodile,0.999,0.86
207,crocodile,0.9989,0.71
208,crocodile,0.9993,0.85
209,crocodile,0.9967,0.76
210,crocodile,0.9982,0.89
211,crocodile,0.9981,0.82
212,crocodile,0.9988,0.87
213,crocodile,0.9986,0.88
214,crocodile,0.9994,0.85
215,crocodile,0.9983,0.7
216,crocodile,0.9978,0.86
217,crocodile,0.9985,0.85
218,crocodile,0.9824,0.85
219,crocodile,0.9915,0.81
220,crocodile,0.9895,0.75
221,crocodile,0.9935,0.89
222,crocodile,0.9993,0.88
223,crocodile,0.9973,0.87
224,crocodile,0.9987,0.82
225,crocodile,0.997,0.83
226,crocodile,0.9992,0.84
227,crocodile,0.9958,0.88
228,crocodile,0.9963,0.65
229,crocodile,0.9944,0.86
230,crocodile,0.9953,0.82
231,crocodile,0.9953,0.72
232,crocodile,0.9979,0.88
233,crocodile,0.9957,0.86
234,crocodile,0.9853,0.8
235,crocodile,0.996,0.76
236,crocodile,0.9937,0.83
237,crocodile,0.9973,0.79
238,crocodile,0.9973,0.76
239,crocodile,0.997,0.89
240,crocodile,0.9968,0.79
241,crocodile,0.9973,0.86
242,crocodile,0.9976,0.77
243,crocodile,0.9962,0.9
244,crocodile,0.9979,0.83
245,crocodile,0.9976,0.87
246,crocodile,0.9952,0.86
247,crocodile,0.9943,0.77
248,crocodile,0.9965,0.88
249,crocodile,0.9967,0.82
250,crocodile,0.9917,0.86
251,crocodile,0.989,0.86
252,crocodile,0.9708,0.87
253,crocodile,0.9767,0.77
254,crocodile,0.9839,0.89
255,crocodile,0.9795,0.87
256,crocodile,0.973,0.87
257,crocodile,0.9783,0.81
258,crocodile,0.9407,0.77
259,crocodile,0.9575,0.89
260,crocodile,0.9557,0.88
261,crocodile,0.9729,0.78
262,crocodile,0.9585,0.89
263,crocodile,0.9578,0.9
264,crocodile,0.9481,0.75
265,crocodile,0.9694,0.85
266,crocodile,0.952,0.87
267,crocodile,0.9512,0.81
268,crocodile,0.9657,0.87
269,crocodile,0.9696,0.73
270,crocodile,0.9399,0.87
271,crocodile,0.9394,0.87
272,crocodile,0.9696,0.89
273,crocodile,0.9371,0.88
274,crocodile,0.9289,0.7
275,crocodile,0.8819,0.89
276,crocodile,0.8087,0.86
277,crocodile,0.7437,0.88
278,crocodile,0.8269,0.82
279,crocodile,0.8349,0.87
280,crocodile,0.7981,0.81
281,crocodile,0.8223,0.86
282,crocodile,0.8644,0.86
283,crocodile,0.8908,0.77
284,crocodile,0.8675,0.9
285,crocodile,0.8691,0.85
286,crocodile,0.8858,0.87
287,crocodile,0.8719,0.8
288,crocodile,0.896,0.79
289,crocodile,0.9198,0.84
290,crocodile,0.8102,0.73
291,crocodile,0.8463,0.81
292,crocodile,0.805,0.75
293,crocodile,0.7983,0.93
294,crocodile,0.802,0.86
295,crocodile,0.8549,0.83
296,crocodile,0.7889,0.83
297,crocodile,0.7169,0.87
298,crocodile,0.6283,0.85
299,crocodile,0.6862,0.82
300,non-crocodile,0.9989,0.9
301,non-crocodile,0.9987,0.75
302,non-crocodile,0.9988,0.88
303,non-crocodile,0.9991,0.8
304,non-crocodile,0.9993,0.79
305,non-crocodile,0.999,0.61
306,non-crocodile,0.9987,0.5
307,non-crocodile,0.9995,0.45
308,non-crocodile,0.9985,0.49
309,non-crocodile,0.9984,0.47
310,non-crocodile,0.9984,0.45
311,non-crocodile,0.9983,0.48
312,non-crocodile,0.9978,0.45
313,non-crocodile,0.9963,0.49
314,non-crocodile,0.9975,0.46
315,non-crocodile,0.9979,0.47
316,non-crocodile,0.9996,0.49
317,non-crocodile,0.9994,0.48
318,non-crocodile,0.9995,0.49
319,non-crocodile,0.9995,0.47
320,non-crocodile,0.9994,0.5
321,non-crocodile,0.9991,0.45
322,non-crocodile,0.9993,0.49
323,non-crocodile,0.9994,0.48
324,non-crocodile,0.9992,0.49
325,non-crocodile,0.9991,0.46
326,non-crocodile,0.9995,0.49
327,non-crocodile,0.9996,0.49
328,non-crocodile,0.9996,0.46
329,non-crocodile,0.9997,0.49
330,non-crocodile,0.9991,0.47
331,non-crocodile,0.999,0.49
332,non-crocodile,0.9982,0.47
333,non-crocodile,0.9993,0.47
334,non-crocodile,0.9993,0.44
335,non-crocodile,0.9986,0.49
336,non-crocodile,0.9961,0.46
337,non-crocodile,0.998,0.49
338,non-crocodile,0.9944,0.46
339,non-crocodile,0.9814,0.48
340,non-crocodile,0.8853,0.49
341,non-crocodile,0.8063,0.46
342,non-crocodile,0.735,0.49
343,non-crocodile,0.7363,0.47
344,non-crocodile,0.6677,0.49
345,non-crocodile,0.688,0.47
346,non-crocodile,0.5563,0.49
347,crocodile,0.6011,0.48
348,crocodile,0.7043,0.49
349,crocodile,0.597,0.46
350,crocodile,0.6918,0.48
351,non-crocodile,0.6636,0.46
352,non-crocodile,0.6052,0.5
353,non-crocodile,0.7775,0.47
354,non-crocodile,0.9418,0.5
355,non-crocodile,0.9822,0.47
356,non-crocodile,0.9935,0.5
357,non-crocodile,0.9792,0.47
358,non-crocodile,0.7311,0.49
359,non-crocodile,0.5966,0.46
360,crocodile,0.6611,0.48
361,crocodile,0.643,0.45
362,crocodile,0.7932,0.49
363,crocodile,0.7194,0.47
364,non-crocodile,0.5415,0.46
365,non-crocodile,0.616,0.49
366,non-crocodile,0.5976,0.48
367,crocodile,0.6518,0.5
368,crocodile,0.5378,0.47
369,crocodile,0.7315,0.5
370,crocodile,0.8395,0.46
371,crocodile,0.8964,0.5
372,crocodile,0.8403,0.47
373,crocodile,0.8567,0.5
374,crocodile,0.9176,0.48
375,crocodile,0.8186,0.49
376,crocodile,0.8198,0.48
377,crocodile,0.8022,0.48
378,crocodile,0.8607,0.48
379,crocodile,0.8924,0.5
380,crocodile,0.8739,0.45
381,crocodile,0.9661,0.49
382,crocodile,0.9712,0.48
383,crocodile,0.9782,0.46
384,crocodile,0.9952,0.5
385,crocodile,0.9947,0.46
386,crocodile,0.961,0.5
387,crocodile,0.9699,0.47
388,crocodile,0.9677,0.47
389,crocodile,0.9478,0.46
390,crocodile,0.9698,0.49
391,crocodile,0.9267,0.47
392,crocodile,0.948,0.47
393,crocodile,0.9745,0.45
394,crocodile,0.9031,0.45
395,crocodile,0.8963,0.48
396,crocodile,0.9397,0.45
397,crocodile,0.938,0.49
398,crocodile,0.9354,0.47
399,crocodile,0.96,0.45
400,crocodile,0.949,0.49
401,crocodile,0.9277,0.45
402,crocodile,0.9684,0.45
403,crocodile,0.9775,0.47
404,crocodile,0.9862,0.45
405,crocodile,0.9922,0.46
406,crocodile,0.9894,0.48
407,crocodile,0.9976,0.44
408,crocodile,0.9987,0.46
409,crocodile,0.9993,0.49
410,crocodile,0.999,0.48
411,crocodile,0.9985,0.48
412,crocodile,0.996,0.45
413,crocodile,0.9948,0.44
414,crocodile,0.9989,0.49
415,crocodile,0.9995,0.45
416,crocodile,0.9994,0.49
417,crocodile,0.9987,0.47
418,crocodile,0.9988,0.46
419,crocodile,0.998,0.5
420,crocodile,0.9986,0.45
421,crocodile,0.9991,0.49
422,crocodile,0.9989,0.49
423,crocodile,0.9987,0.45
424,crocodile,0.9992,0.5
425,crocodile,0.9992,0.42
426,crocodile,0.999,0.49
427,crocodile,0.9976,0.46
428,crocodile,0.9991,0.44
429,crocodile,0.9989,0.5
430,crocodile,0.9989,0.48
431,crocodile,0.9993,0.47
432,crocodile,0.9982,0.5
433,crocodile,0.9885,0.47
434,crocodile,0.9757,0.48
435,crocodile,0.934,0.46
436,crocodile,0.8288,0.49
437,crocodile,0.8232,0.48
438,crocodile,0.7202,0.49
439,crocodile,0.8145,0.47
440,crocodile,0.906,0.49
441,crocodile,0.9357,0.44
442,crocodile,0.9142,0.48
443,crocodile,0.8845,0.45
444,crocodile,0.9699,0.47
445,crocodile,0.9386,0.49
446,crocodile,0.9537,0.47
447,crocodile,0.9301,0.49
448,crocodile,0.8479,0.47
449,crocodile,0.716,0.49
450,crocodile,0.6922,0.44
451,non-crocodile,0.5815,0.48
452,non-crocodile,0.6207,0.45
453,non-crocodile,0.5587,0.47
454,non-crocodile,0.7079,0.48
455,non-crocodile,0.6044,0.45
456,crocodile,0.7622,0.46
457,crocodile,0.8045,0.48
458,crocodile,0.7212,0.45
459,crocodile,0.9645,0.45
460,crocodile,0.9722,0.49
461,crocodile,0.9794,0.44
462,crocodile,0.9872,0.48
463,crocodile,0.9883,0.49
464,crocodile,0.9944,0.46
465,crocodile,0.9925,0.49
466,crocodile,0.9969,0.46
467,crocodile,0.998,0.49
468,crocodile,0.9987,0.47
469,crocodile,0.9989,0.49
470,crocodile,0.9995,0.48
471,crocodile,0.9996,0.48
472,crocodile,0.9999,0.44
473,crocodile,0.9998,0.46
474,crocodile,0.9999,0.5
475,crocodile,0.9999,0.47
476,crocodile,0.9996,0.48
477,crocodile,0.9983,0.48
478,crocodile,0.9995,0.5
479,crocodile,0.9996,0.48
480,crocodile,0.9995,0.5
481,crocodile,0.9995,0.47
482,crocodile,0.9988,0.49
483,crocodile,0.9957,0.47
484,crocodile,0.9985,0.5
485,crocodile,0.99,0.47
486,crocodile,0.9775,0.48
487,crocodile,0.9918,0.48
488,crocodile,0.9491,0.49
489,crocodile,0.9364,0.48
490,crocodile,0.9871,0.49
491,crocodile,0.9574,0.47
492,crocodile,0.9926,0.5
493,crocodile,0.9722,0.47
494,crocodile,0.9727,0.5
495,crocodile,0.9804,0.47
496,crocodile,0.9474,0.49
497,crocodile,0.9892,0.47
498,crocodile,0.9909,0.48
499,crocodile,0.9797,0.48
500,crocodile,0.9679,0.49
501,crocodile,0.9781,0.47
502,crocodile,0.9736,0.5
503,crocodile,0.9844,0.47
504,crocodile,0.9592,0.5
505,crocodile,0.9419,0.47
506,crocodile,0.945,0.49
507,crocodile,0.8215,0.46
508,crocodile,0.9216,0.48
509,crocodile,0.8707,0.48
510,crocodile,0.9303,0.44
511,crocodile,0.9173,0.48
512,crocodile,0.9655,0.44
513,crocodile,0.9636,0.47
514,crocodile,0.9517,0.49
515,crocodile,0.9636,0.46
516,crocodile,0.9231,0.48
517,crocodile,0.9526,0.49
518,crocodile,0.9531,0.46
519,crocodile,0.9127,0.49
520,crocodile,0.7785,0.44
521,crocodile,0.7408,0.49
522,crocodile,0.803,0.48
523,crocodile,0.8237,0.49
524,crocodile,0.831,0.47
525,crocodile,0.9387,0.48
526,non-crocodile,0.62,0.45
527,crocodile,0.5065,0.45
528,crocodile,0.7409,0.48
529,non-crocodile,0.673,0.45
530,non-crocodile,0.5569,0.46
531,non-crocodile,0.6258,0.5
532,non-crocodile,0.7567,0.47
533,crocodile,0.5228,0.5
534,crocodile,0.79,0.47
535,crocodile,0.7731,0.48
536,crocodile,0.8059,0.48
537,crocodile,0.9284,0.49
538,crocodile,0.8678,0.49
539,crocodile,0.9223,0.5
540,crocodile,0.957,0.46
541,crocodile,0.9789,0.49
542,crocodile,0.9807,0.47
543,crocodile,0.9858,0.49
544,crocodile,0.988,0.46
545,crocodile,0.9893,0.45
546,crocodile,0.9184,0.47
547,crocodile,0.9198,0.46
548,crocodile,0.9465,0.48
549,crocodile,0.9453,0.45
550,crocodile,0.947,0.46
551,crocodile,0.9565,0.49
552,crocodile,0.9547,0.47
553,crocodile,0.9282,0.5
554,crocodile,0.9252,0.45
555,crocodile,0.9359,0.48
556,crocodile,0.9432,0.44
557,crocodile,0.9606,0.46
558,crocodile,0.9579,0.49
559,crocodile,0.9705,0.47
560,crocodile,0.9592,0.5
561,crocodile,0.9589,0.46
562,crocodile,0.9692,0.49
563,crocodile,0.9705,0.43
564,crocodile,0.9695,0.47
565,crocodile,0.9674,0.49
566,crocodile,0.9695,0.46
567,crocodile,0.9717,0.49
568,crocodile,0.9815,0.43
569,crocodile,0.9767,0.47
570,crocodile,0.979,0.48
571,crocodile,0.9821,0.44
572,crocodile,0.9805,0.46
573,crocodile,0.9838,0.48
574,crocodile,0.9833,0.44
575,crocodile,0.9784,0.45
576,crocodile,0.9804,0.5
577,crocodile,0.9837,0.47
578,crocodile,0.9842,0.49
579,crocodile,0.9896,0.48
580,crocodile,0.9865,0.48
581,crocodile,0.9861,0.48
582,crocodile,0.99,0.49
583,crocodile,0.9869,0.47
584,crocodile,0.9885,0.49
585,crocodile,0.9917,0.47
586,crocodile,0.9916,0.49
587,crocodile,0.9933,0.48
588,crocodile,0.9904,0.49
589,crocodile,0.9896,0.47
590,crocodile,0.9902,0.49
591,crocodile,0.9899,0.45
592,crocodile,0.9924,0.49
593,crocodile,0.9936,0.46
594,crocodile,0.9932,0.47
595,crocodile,0.9931,0.49
596,crocodile,0.9916,0.46
597,crocodile,0.9946,0.49
598,crocodile,0.9913,0.48
599,crocodile,0.9939,0.49
600,crocodile,0.9928,0.46
601,crocodile,0.9886,0.5
602,crocodile,0.9885,0.46
603,crocodile,0.9849,0.49
604,crocodile,0.9873,0.48
605,crocodile,0.9845,0.49
606,crocodile,0.9834,0.48
607,crocodile,0.9788,0.47
608,crocodile,0.9741,0.46
609,crocodile,0.974,0.44
610,crocodile,0.9785,0.47
611,crocodile,0.9741,0.48
612,crocodile,0.9785,0.44
613,crocodile,0.9823,0.49
614,crocodile,0.9817,0.47
615,crocodile,0.9746,0.5
616,crocodile,0.9745,0.48
617,crocodile,0.9845,0.48
618,crocodile,0.9887,0.48
619,crocodile,0.9814,0.44
620,crocodile,0.9757,0.44
621,crocodile,0.9779,0.44
622,crocodile,0.9811,0.44
623,crocodile,0.9885,0.45
624,crocodile,0.9817,0.41
625,crocodile,0.9879,0.46
626,crocodile,0.9898,0.45
627,crocodile,0.9879,0.42
628,crocodile,0.9822,0.41
629,crocodile,0.9835,0.46
630,crocodile,0.9702,0.46
631,crocodile,0.9787,0.49
632,crocodile,0.9772,0.47
633,crocodile,0.9673,0.48
634,crocodile,0.9686,0.45
635,crocodile,0.9698,0.45
636,crocodile,0.9606,0.49
637,crocodile,0.9835,0.48
638,crocodile,0.9832,0.49
639,crocodile,0.9847,0.48
640,crocodile,0.9889,0.47
641,crocodile,0.9903,0.46
642,crocodile,0.9798,0.45
643,crocodile,0.9903,0.48
644,crocodile,0.9859,0.47
645,crocodile,0.9879,0.48
646,crocodile,0.9826,0.44
647,crocodile,0.9846,0.46
648,crocodile,0.9851,0.49
649,crocodile,0.9918,0.47
650,crocodile,0.9905,0.48
651,crocodile,0.9921,0.45
652,crocodile,0.9915,0.45
653,crocodile,0.993,0.49
654,crocodile,0.994,0.48
655,crocodile,0.9925,0.49
656,crocodile,0.9893,0.47
657,crocodile,0.9883,0.49
658,crocodile,0.9901,0.48
659,crocodile,0.9929,0.5
660,crocodile,0.9875,0.47
661,crocodile,0.9851,0.49
662,crocodile,0.9908,0.46
663,crocodile,0.9876,0.49
664,crocodile,0.982,0.48
665,crocodile,0.9817,0.49
666,crocodile,0.9707,0.47
667,crocodile,0.9657,0.49
668,crocodile,0.9715,0.46
669,crocodile,0.9771,0.48
670,non-crocodile,0.8157,0.45
671,crocodile,0.652,0.46
672,crocodile,0.8278,0.49
673,crocodile,0.6933,0.47
674,non-crocodile,0.9261,0.48
675,crocodile,0.5377,0.45
676,non-crocodile,0.7585,0.46
677,non-crocodile,0.8931,0.49
678,non-crocodile,0.7938,0.47
679,non-crocodile,0.5479,0.48
680,crocodile,0.5811,0.48
681,crocodile,0.502,0.48
682,crocodile,0.5864,0.44
683,crocodile,0.7294,0.46
684,crocodile,0.762,0.48
685,crocodile,0.8879,0.44
686,crocodile,0.9032,0.45
687,crocodile,0.9064,0.48
688,crocodile,0.867,0.49
689,crocodile,0.8509,0.48
690,crocodile,0.8448,0.47
691,crocodile,0.8786,0.48
692,crocodile,0.8914,0.45
693,crocodile,0.8619,0.45
694,crocodile,0.8137,0.5
695,crocodile,0.8597,0.48
696,crocodile,0.7488,0.49
697,crocodile,0.7144,0.47
698,crocodile,0.6714,0.48
699,crocodile,0.7984,0.45
700,crocodile,0.6548,0.45
701,crocodile,0.8377,0.47
702,crocodile,0.7195,0.45
703,crocodile,0.7997,0.46
704,crocodile,0.7427,0.47
705,crocodile,0.825,0.45
706,crocodile,0.7751,0.47
707,crocodile,0.5919,0.49
708,crocodile,0.6706,0.46
709,crocodile,0.5777,0.49
710,crocodile,0.6093,0.46
711,crocodile,0.8125,0.49
712,crocodile,0.8351,0.48
713,crocodile,0.811,0.47
714,crocodile,0.9459,0.49
715,crocodile,0.9163,0.47
716,crocodile,0.916,0.49
717,crocodile,0.7974,0.48
718,crocodile,0.8572,0.49
719,crocodile,0.8757,0.48
720,crocodile,0.8059,0.48
721,non-crocodile,0.5406,0.49
722,crocodile,0.9637,0.49
723,crocodile,0.9704,0.45
724,crocodile,0.9678,0.49
725,crocodile,0.9121,0.45
726,crocodile,0.9267,0.49
727,crocodile,0.9006,0.47
728,crocodile,0.8922,0.5
729,crocodile,0.9161,0.47
730,crocodile,0.912,0.5
731,crocodile,0.9318,0.47
732,crocodile,0.9299,0.48
733,crocodile,0.9396,0.44
734,crocodile,0.933,0.46
735,crocodile,0.9309,0.49
736,crocodile,0.9223,0.47
737,crocodile,0.9133,0.49
738,crocodile,0.9264,0.47
739,crocodile,0.9344,0.49
740,crocodile,0.9194,0.47
741,crocodile,0.9101,0.49
742,crocodile,0.8911,0.46
743,crocodile,0.8858,0.49
744,crocodile,0.895,0.46
745,crocodile,0.88,0.5
746,crocodile,0.8791,0.47
747,crocodile,0.902,0.49
748,crocodile,0.9168,0.47
749,crocodile,0.8969,0.48
750,crocodile,0.8796,0.46
751,crocodile,0.8916,0.49
752,crocodile,0.8777,0.48
753,crocodile,0.8834,0.49
754,crocodile,0.9491,0.47
755,crocodile,0.9905,0.49
756,crocodile,0.9988,0.48
757,crocodile,0.999,0.49
758,crocodile,0.9991,0.48
759,crocodile,0.9993,0.47
760,crocodile,0.999,0.44
761,crocodile,0.9993,0.47
762,crocodile,0.9993,0.5
763,crocodile,0.9991,0.48
764,crocodile,0.9992,0.49
765,crocodile,0.9991,0.46
766,crocodile,0.9988,0.5
767,crocodile,0.9992,0.46
768,crocodile,0.9991,0.47
769,crocodile,0.9985,0.44
770,crocodile,0.9971,0.47
771,crocodile,0.9988,0.49
772,crocodile,0.9979,0.47
773,crocodile,0.9971,0.49
774,crocodile,0.9966,0.47
775,crocodile,0.9972,0.49
776,crocodile,0.9982,0.46
777,crocodile,0.9968,0.49
778,crocodile,0.9965,0.49
779,crocodile,0.9983,0.46
780,crocodile,0.9978,0.5
781,crocodile,0.9979,0.46
782,crocodile,0.9984,0.49
783,crocodile,0.9977,0.46
784,crocodile,0.997,0.49
785,crocodile,0.9968,0.47
786,crocodile,0.9979,0.49
787,crocodile,0.9973,0.48
788,crocodile,0.9983,0.48
789,crocodile,0.9968,0.44
790,crocodile,0.9976,0.49
791,crocodile,0.997,0.47
792,crocodile,0.9965,0.49
793,crocodile,0.9969,0.46
794,crocodile,0.9971,0.49
795,crocodile,0.9987,0.49
796,crocodile,0.9987,0.45
797,crocodile,0.9982,0.49
798,crocodile,0.9984,0.47
799,crocodile,0.9986,0.48
800,crocodile,0.9983,0.45
801,crocodile,0.9984,0.48
802,crocodile,0.9986,0.48
803,crocodile,0.9989,0.49
804,crocodile,0.9994,0.48
805,crocodile,0.9993,0.49
806,crocodile,0.9989,0.47
807,crocodile,0.999,0.49
808,crocodile,0.9992,0.46
809,crocodile,0.9991,0.49
810,crocodile,0.999,0.47
811,crocodile,0.9988,0.49
812,crocodile,0.999,0.48
813,crocodile,0.9973,0.46
814,crocodile,0.9983,0.49
815,crocodile,0.9985,0.46
816,crocodile,0.9985,0.49
817,crocodile,0.9985,0.47
818,crocodile,0.9989,0.49
819,crocodile,0.9986,0.47
820,crocodile,0.9985,0.49
821,crocodile,0.9984,0.48
822,crocodile,0.9984,0.49
823,crocodile,0.9984,0.47
824,crocodile,0.9987,0.49
825,crocodile,0.9989,0.46
826,crocodile,0.9986,0.49
827,crocodile,0.9986,0.48
828,crocodile,0.9982,0.48
829,crocodile,0.9979,0.48
830,crocodile,0.9978,0.48
831,crocodile,0.9986,0.49
832,crocodile,0.9978,0.5
833,crocodile,0.9987,0.46
834,crocodile,0.998,0.5
835,crocodile,0.9983,0.46
836,crocodile,0.9986,0.49
837,crocodile,0.998,0.47
838,crocodile,0.9978,0.49
839,crocodile,0.9977,0.48
840,crocodile,0.9976,0.49
841,crocodile,0.9721,0.48
842,crocodile,0.968,0.48
843,crocodile,0.9693,0.44
844,crocodile,0.9657,0.46
845,crocodile,0.9669,0.46
846,crocodile,0.9728,0.47
847,crocodile,0.9634,0.49
848,crocodile,0.9635,0.47
849,crocodile,0.9647,0.49
850,crocodile,0.9619,0.47
851,crocodile,0.9649,0.48
852,crocodile,0.964,0.46
853,crocodile,0.9655,0.49
854,crocodile,0.9579,0.49
855,crocodile,0.9429,0.46
856,crocodile,0.9543,0.49
857,crocodile,0.9581,0.47
858,crocodile,0.9592,0.49
859,crocodile,0.9487,0.47
860,crocodile,0.9568,0.49
861,crocodile,0.9406,0.45
862,crocodile,0.9512,0.48
863,crocodile,0.9507,0.47
864,crocodile,0.951,0.49
865,crocodile,0.9702,0.48
866,crocodile,0.9728,0.5
867,crocodile,0.9717,0.45
868,crocodile,0.9724,0.5
869,crocodile,0.9752,0.46
870,crocodile,0.9737,0.5
871,crocodile,0.9706,0.49
872,crocodile,0.9619,0.48
873,crocodile,0.9632,0.47
874,crocodile,0.9636,0.48
875,crocodile,0.9627,0.47
876,crocodile,0.9612,0.5
877,crocodile,0.9673,0.46
878,crocodile,0.9667,0.49
879,crocodile,0.9631,0.47
880,crocodile,0.9638,0.49
881,crocodile,0.9594,0.47
882,crocodile,0.963,0.49
883,crocodile,0.9623,0.48
884,crocodile,0.9565,0.48
885,crocodile,0.9569,0.48
886,crocodile,0.9584,0.48
887,crocodile,0.9647,0.45
888,crocodile,0.9612,0.49
889,crocodile,0.9621,0.46
890,crocodile,0.9618,0.47
891,crocodile,0.965,0.48
892,crocodile,0.9635,0.47
893,crocodile,0.9595,0.49
894,crocodile,0.9595,0.46
895,crocodile,0.9586,0.49
896,crocodile,0.9591,0.48
897,crocodile,0.9572,0.46
898,crocodile,0.9536,0.49
899,crocodile,0.9505,0.46
900,crocodile,0.9401,0.48
901,crocodile,0.9378,0.44
902,crocodile,0.9294,0.48
903,crocodile,0.9325,0.44
904,crocodile,0.9439,0.46
905,crocodile,0.8635,0.49
906,crocodile,0.8401,0.47
907,crocodile,0.8447,0.49
908,crocodile,0.8688,0.44
909,crocodile,0.8805,0.46
910,crocodile,0.8915,0.48
911,crocodile,0.9254,0.44
912,crocodile,0.9159,0.46
913,crocodile,0.9596,0.49
914,crocodile,0.9728,0.47
915,crocodile,0.9474,0.49
916,crocodile,0.9545,0.47
917,crocodile,0.9401,0.47
918,crocodile,0.9354,0.45
919,crocodile,0.9385,0.47
920,crocodile,0.937,0.49
921,crocodile,0.939,0.47
922,non-crocodile,0.9941,0.49
923,non-crocodile,0.9962,0.47
924,non-crocodile,0.9969,0.49
925,non-crocodile,0.998,0.47
926,non-crocodile,0.9969,0.49
927,non-crocodile,0.9966,0.44
928,non-crocodile,0.9923,0.47
929,non-crocodile,0.9914,0.49
930,non-crocodile,0.9858,0.46
931,non-crocodile,0.9964,0.49
932,non-crocodile,0.9811,0.48
933,non-crocodile,0.9837,0.5
934,non-crocodile,0.9582,0.48
935,non-crocodile,0.9645,0.49
936,non-crocodile,0.9445,0.47
937,non-crocodile,0.9639,0.49
938,non-crocodile,0.9939,0.48
939,non-crocodile,0.9918,0.49
940,non-crocodile,0.9947,0.47
941,non-crocodile,0.9965,0.49
942,non-crocodile,0.9982,0.45
943,non-crocodile,0.9981,0.49
944,non-crocodile,0.9989,0.45
945,non-crocodile,0.9995,0.46
946,non-crocodile,0.9982,0.49
947,non-crocodile,0.9944,0.47
948,non-crocodile,0.9724,0.49
949,non-crocodile,0.9899,0.44
950,non-crocodile,0.957,0.46
951,non-crocodile,0.9523,0.48
952,non-crocodile,0.7768,0.49
953,non-crocodile,0.532,0.5
954,non-crocodile,0.6321,0.46
955,crocodile,0.7165,0.49
956,crocodile,0.8729,0.44
957,crocodile,0.9417,0.46
958,crocodile,0.9389,0.48
959,crocodile,0.9396,0.43
960,crocodile,0.9198,0.47
961,crocodile,0.9635,0.47
962,crocodile,0.9608,0.45
963,crocodile,0.7122,0.46
964,crocodile,0.5926,0.49
965,non-crocodile,0.5242,0.48
966,non-crocodile,0.5555,0.48
967,non-crocodile,0.7543,0.44
968,non-crocodile,0.8915,0.45
969,non-crocodile,0.8177,0.48
970,non-crocodile,0.866,0.45
971,non-crocodile,0.9289,0.48
972,non-crocodile,0.7795,0.45
973,non-crocodile,0.8481,0.48
974,non-crocodile,0.7684,0.48
975,non-crocodile,0.858,0.5
976,non-crocodile,0.867,0.47
977,non-crocodile,0.6635,0.47
978,non-crocodile,0.6885,0.45
979,non-crocodile,0.7776,0.49
980,non-crocodile,0.7582,0.47
981,non-crocodile,0.7922,0.49
982,non-crocodile,0.7713,0.47
983,non-crocodile,0.7069,0.49
984,non-crocodile,0.747,0.48
985,non-crocodile,0.7178,0.48
986,non-crocodile,0.5064,0.47
987,non-crocodile,0.7726,0.48
988,non-crocodile,0.6997,0.45
989,non-crocodile,0.6617,0.46
990,non-crocodile,0.6602,0.49
991,non-crocodile,0.7658,0.47
992,non-crocodile,0.5737,0.5
993,crocodile,0.51,0.45
994,crocodile,0.5252,0.49
995,crocodile,0.5851,0.47
996,crocodile,0.5351,0.49
997,non-crocodile,0.5502,0.49
998,non-crocodile,0.5603,0.46
999,non-crocodile,0.5849,0.49
1000,non-crocodile,0.6389,0.46
1001,non-crocodile,0.5285,0.49
1002,crocodile,0.5374,0.45
1003,crocodile,0.5886,0.49
1004,crocodile,0.5709,0.48
1005,crocodile,0.5606,0.49
1006,crocodile,0.5261,0.47
1007,crocodile,0.6177,0.49
1008,crocodile,0.5657,0.47
1009,crocodile,0.5215,0.47
1010,non-crocodile,0.5526,0.45
1011,non-crocodile,0.5988,0.46
1012,non-crocodile,0.5869,0.48
1013,non-crocodile,0.572,0.45
1014,non-crocodile,0.5825,0.44
1015,non-crocodile,0.5345,0.49
1016,non-crocodile,0.5172,0.49
1017,crocodile,0.5203,0.46
1018,crocodile,0.5171,0.49
1019,non-crocodile,0.5167,0.46
1020,crocodile,0.5071,0.49
1021,non-crocodile,0.5314,0.45
1022,non-crocodile,0.5045,0.49
1023,non-crocodile,0.5279,0.47
1024,non-crocodile,0.559,0.47
1025,non-crocodile,0.5538,0.44
1026,non-crocodile,0.542,0.46
1027,crocodile,0.5167,0.49
1028,crocodile,0.56,0.47
1029,crocodile,0.5206,0.49
1030,crocodile,0.5665,0.47
1031,crocodile,0.5727,0.49
1032,crocodile,0.9994,0.47
1033,crocodile,0.9995,0.5
1034,crocodile,0.9994,0.46
1035,crocodile,0.9994,0.49
1036,crocodile,0.9994,0.47
1037,crocodile,0.9993,0.5
1038,crocodile,0.9993,0.47
1039,crocodile,0.9994,0.49
1040,crocodile,0.9994,0.48
1041,crocodile,0.9993,0.48
1042,crocodile,0.9993,0.48
1043,crocodile,0.9993,0.5
1044,crocodile,0.9994,0.47
1045,crocodile,0.9993,0.5
1046,crocodile,0.9997,0.46
1047,crocodile,0.9997,0.49
1048,crocodile,0.9998,0.48
1049,crocodile,0.9997,0.49
1050,crocodile,0.9997,0.46
1051,crocodile,0.9999,0.48
1052,crocodile,0.9999,0.45
1053,crocodile,0.9997,0.44
1054,crocodile,0.9996,0.49
1055,crocodile,0.9996,0.45
1056,crocodile,0.9996,0.45
1057,crocodile,0.9996,0.49
1058,crocodile,0.9995,0.47
1059,crocodile,0.9996,0.49
1060,crocodile,0.9996,0.47
1061,crocodile,0.9996,0.49
1062,crocodile,0.9995,0.47
1063,crocodile,0.9999,0.49
1064,crocodile,0.9998,0.47
1065,crocodile,0.9999,0.5
1066,crocodile,0.9998,0.46
1067,crocodile,0.9998,0.49
1068,crocodile,0.9998,0.45
1069,crocodile,0.9998,0.46
1070,crocodile,0.9998,0.48
1071,crocodile,0.9998,0.46
1072,crocodile,0.9998,0.49
1073,crocodile,0.9998,0.47
1074,crocodile,0.9998,0.48
1075,crocodile,0.9998,0.48
1076,crocodile,0.9998,0.5
1077,crocodile,0.9998,0.47
1078,crocodile,0.9998,0.49
1079,crocodile,0.9998,0.48
1080,crocodile,0.9998,0.47
1081,crocodile,0.9998,0.45
1082,crocodile,0.9998,0.46
1083,crocodile,0.9998,0.5
1084,crocodile,0.9998,0.46
1085,crocodile,0.9998,0.49
1086,crocodile,0.9998,0.46
1087,crocodile,0.9997,0.49
1088,crocodile,0.9997,0.47
1089,crocodile,0.9998,0.49
1090,crocodile,0.9999,0.47
1091,crocodile,0.9997,0.49
1092,crocodile,0.9996,0.47
1093,crocodile,0.9993,0.49
1094,crocodile,0.9996,0.48
1095,crocodile,0.9996,0.49
1096,crocodile,0.9918,0.48
1097,crocodile,0.9921,0.47
1098,crocodile,0.9918,0.47
1099,crocodile,0.9906,0.5
1100,crocodile,0.991,0.49
1101,crocodile,0.9901,0.49
1102,crocodile,0.9904,0.46
1103,crocodile,0.9894,0.5
1104,crocodile,0.9892,0.46
1105,crocodile,0.9909,0.49
1106,crocodile,0.9915,0.49
1107,crocodile,0.9907,0.45
1108,crocodile,0.9909,0.5
1109,crocodile,0.9913,0.47
1110,crocodile,0.9916,0.49
1111,crocodile,0.9913,0.48
1112,crocodile,0.9913,0.48
1113,crocodile,0.9914,0.44
1114,crocodile,0.9914,0.49
1115,crocodile,0.9912,0.47
1116,crocodile,0.9912,0.48
1117,crocodile,0.9904,0.47
1118,crocodile,0.9906,0.49
1119,crocodile,0.9904,0.46
1120,crocodile,0.9902,0.48
1121,crocodile,0.9905,0.49
1122,crocodile,0.9906,0.46
1123,crocodile,0.991,0.49
1124,crocodile,0.9913,0.46
1125,crocodile,0.9912,0.49
1126,crocodile,0.9907,0.45
1127,crocodile,0.9909,0.48
1128,crocodile,0.9892,0.47
1129,crocodile,0.989,0.47
1130,crocodile,0.9893,0.45
1131,crocodile,0.9891,0.45
1132,crocodile,0.9888,0.49
1133,crocodile,0.9888,0.47
1134,crocodile,0.9886,0.47
1135,crocodile,0.9879,0.45
1136,crocodile,0.9877,0.45
1137,crocodile,0.9888,0.49
1138,crocodile,0.9892,0.48
1139,crocodile,0.9888,0.5
1140,crocodile,0.9894,0.46
1141,crocodile,0.9893,0.48
1142,crocodile,0.9894,0.45
1143,crocodile,0.9886,0.45
1144,crocodile,0.9876,0.49
1145,crocodile,0.9871,0.47
1146,crocodile,0.987,0.48
1147,crocodile,0.9872,0.45
1148,crocodile,0.9864,0.45
1149,crocodile,0.9868,0.49
1150,crocodile,0.987,0.47
1151,crocodile,0.9867,0.47
1152,crocodile,0.9872,0.46
1153,crocodile,0.9882,0.46
1154,crocodile,0.9887,0.5
1155,crocodile,0.9882,0.46
1156,crocodile,0.9883,0.48
1157,crocodile,0.9887,0.47
1158,crocodile,0.9898,0.48
1159,crocodile,0.9892,0.47
1160,crocodile,0.9889,0.49
1161,crocodile,0.9898,0.47
1162,crocodile,0.9898,0.49
1163,crocodile,0.9898,0.46
1164,crocodile,0.9899,0.5
1165,crocodile,0.9901,0.47
1166,crocodile,0.9894,0.49
1167,crocodile,0.9898,0.47
1168,crocodile,0.9901,0.48
1169,crocodile,0.9908,0.49
1170,crocodile,0.9913,0.45
1171,crocodile,0.9931,0.49
1172,crocodile,0.9942,0.45
1173,crocodile,0.994,0.49
1174,crocodile,0.9939,0.47
1175,crocodile,0.9938,0.49
1176,crocodile,0.9936,0.47
1177,crocodile,0.9924,0.5
1178,crocodile,0.992,0.46
1179,crocodile,0.9911,0.49
1180,crocodile,0.9906,0.46
1181,crocodile,0.9893,0.49
1182,crocodile,0.9887,0.48
1183,crocodile,0.9896,0.46
1184,crocodile,0.9894,0.49
1185,crocodile,0.9899,0.47
1186,crocodile,0.9894,0.49
1187,crocodile,0.9894,0.47
1188,crocodile,0.9893,0.49
1189,crocodile,0.9903,0.48
1190,crocodile,0.9902,0.49
1191,crocodile,0.99,0.47
1192,crocodile,0.99,0.49
1193,crocodile,0.9898,0.47
1194,crocodile,0.9904,0.49
1195,crocodile,0.9901,0.47
1196,crocodile,0.99,0.5
1197,crocodile,0.9907,0.46
1198,crocodile,0.9908,0.49
1199,crocodile,0.99,0.46
1200,crocodile,0.9894,0.48
1201,crocodile,0.9898,0.48
1202,crocodile,0.9895,0.47
1203,crocodile,0.9899,0.46
1204,crocodile,0.9902,0.49
1205,crocodile,0.9906,0.47
1206,crocodile,0.9908,0.49
1207,crocodile,0.9912,0.48
1208,crocodile,0.992,0.49
1209,crocodile,0.9921,0.48
1210,crocodile,0.992,0.5
1211,crocodile,0.9923,0.47
1212,crocodile,0.9924,0.48
1213,crocodile,0.9925,0.47
1214,crocodile,0.9925,0.48
1215,crocodile,0.678,0.49
1216,crocodile,0.6759,0.5
1217,crocodile,0.7579,0.46
1218,crocodile,0.671,0.5
1219,crocodile,0.5987,0.46
1220,crocodile,0.6259,0.48
1221,crocodile,0.566,0.39
1222,non-crocodile,0.59,0.48
1223,non-crocodile,0.5264,0.45
1224,non-crocodile,0.5727,0.47
1225,non-crocodile,0.5312,0.46
1226,non-crocodile,0.5329,0.45
1227,non-crocodile,0.5199,0.49
1228,non-crocodile,0.5602,0.48
1229,non-crocodile,0.5527,0.49
1230,non-crocodile,0.531,0.47
1231,non-crocodile,0.5753,0.49
1232,non-crocodile,0.5623,0.45
1233,non-crocodile,0.5473,0.5
1234,non-crocodile,0.5029,0.5
1235,crocodile,0.5401,0.46
1236,crocodile,0.5605,0.48
1237,crocodile,0.5647,0.48
1238,crocodile,0.5667,0.49
1239,crocodile,0.5771,0.47
1240,crocodile,0.5742,0.49
1241,crocodile,0.5506,0.46
1242,crocodile,0.575,0.48
1243,crocodile,0.5774,0.44
1244,crocodile,0.5372,0.48
1245,crocodile,0.6165,0.48
1246,crocodile,0.625,0.47
1247,crocodile,0.5885,0.49
1248,crocodile,0.6615,0.46
1249,crocodile,0.6564,0.49
1250,crocodile,0.6652,0.48
1251,crocodile,0.64,0.47
1252,crocodile,0.6462,0.45
1253,crocodile,0.6392,0.48
1254,crocodile,0.5323,0.48
1255,crocodile,0.5316,0.49
1256,crocodile,0.5246,0.47
1257,crocodile,0.5031,0.49
1258,non-crocodile,0.8135,0.46
1259,non-crocodile,0.7859,0.49
1260,non-crocodile,0.786,0.45
1261,non-crocodile,0.8092,0.47
1262,non-crocodile,0.8148,0.45
1263,non-crocodile,0.844,0.49
1264,non-crocodile,0.7602,0.47
1265,non-crocodile,0.8075,0.49
1266,non-crocodile,0.8418,0.48
1267,non-crocodile,0.8398,0.5
1268,non-crocodile,0.7914,0.46
1269,non-crocodile,0.8169,0.5
1270,non-crocodile,0.7854,0.46
1271,non-crocodile,0.7491,0.5
1272,non-crocodile,0.8555,0.48
1273,non-crocodile,0.8245,0.5
1274,non-crocodile,0.7945,0.46
1275,non-crocodile,0.8177,0.49
1276,non-crocodile,0.8172,0.48
1277,non-crocodile,0.7041,0.49
1278,non-crocodile,0.7414,0.47
1279,non-crocodile,0.7513,0.5
1280,non-crocodile,0.7735,0.47
1281,non-crocodile,0.6912,0.5
1282,non-crocodile,0.7313,0.46
1283,non-crocodile,0.8133,0.49
1284,non-crocodile,0.7992,0.48
1285,non-crocodile,0.802,0.49
1286,non-crocodile,0.8201,0.47
1287,non-crocodile,0.7471,0.49
1288,non-crocodile,0.7584,0.47
1289,non-crocodile,0.799,0.5
1290,non-crocodile,0.7558,0.47
1291,non-crocodile,0.6855,0.49
1292,non-crocodile,0.7063,0.46
1293,non-crocodile,0.8321,0.49
1294,non-crocodile,0.8561,0.47
1295,non-crocodile,0.9272,0.48
1296,non-crocodile,0.9441,0.45
1297,non-crocodile,0.8717,0.48
1298,non-crocodile,0.867,0.47
1299,non-crocodile,0.7675,0.5
1300,non-crocodile,0.6891,0.48
1301,non-crocodile,0.7539,0.48
1302,non-crocodile,0.763,0.47
1303,non-crocodile,0.5654,0.49
1304,non-crocodile,0.726,0.47
1305,non-crocodile,0.7243,0.49
1306,non-crocodile,0.5572,0.48
1307,non-crocodile,0.6007,0.49
1308,non-crocodile,0.7379,0.47
1309,non-crocodile,0.6782,0.48
1310,non-crocodile,0.6638,0.45
1311,non-crocodile,0.6625,0.45
1312,non-crocodile,0.7514,0.48
1313,non-crocodile,0.7136,0.45
1314,non-crocodile,0.7518,0.45
1315,non-crocodile,0.6862,0.48
1316,non-crocodile,0.6947,0.44
1317,crocodile,0.5233,0.46
1318,non-crocodile,0.7529,0.49
1319,non-crocodile,0.6023,0.46
1320,non-crocodile,0.7461,0.5
1321,non-crocodile,0.8395,0.46
1322,non-crocodile,0.8368,0.5
1323,non-crocodile,0.722,0.48
1324,non-crocodile,0.6885,0.49
1325,non-crocodile,0.6016,0.48
1326,non-crocodile,0.627,0.48
1327,non-crocodile,0.6755,0.43
1328,non-crocodile,0.6064,0.48
1329,non-crocodile,0.6581,0.5
1330,non-crocodile,0.5102,0.47
1331,non-crocodile,0.6345,0.49
1332,non-crocodile,0.6347,0.47
1333,non-crocodile,0.5987,0.49
1334,non-crocodile,0.5433,0.48
1335,non-crocodile,0.7395,0.5
1336,non-crocodile,0.7107,0.45
1337,non-crocodile,0.7329,0.5
1338,non-crocodile,0.7613,0.49
1339,non-crocodile,0.8446,0.46
1340,non-crocodile,0.8599,0.5
1341,non-crocodile,0.8357,0.46
1342,non-crocodile,0.8695,0.49
1343,non-crocodile,0.7433,0.47
1344,non-crocodile,0.6266,0.49
1345,non-crocodile,0.8268,0.48
1346,non-crocodile,0.6851,0.49
1347,non-crocodile,0.7106,0.47
1348,non-crocodile,0.7741,0.49
1349,non-crocodile,0.6583,0.48
1350,non-crocodile,0.7861,0.49
1351,non-crocodile,0.7639,0.45
1352,non-crocodile,0.8345,0.49
1353,non-crocodile,0.9403,0.45
1354,non-crocodile,0.8825,0.49
1355,non-crocodile,0.9181,0.48
1356,non-crocodile,0.9538,0.5
1357,non-crocodile,0.8819,0.44
1358,non-crocodile,0.8253,0.48
1359,non-crocodile,0.8911,0.46
1360,non-crocodile,0.8525,0.46
1361,non-crocodile,0.9158,0.49
1362,non-crocodile,0.8441,0.47
1363,non-crocodile,0.8092,0.48
1364,non-crocodile,0.8011,0.45
1365,non-crocodile,0.6204,0.45
1366,non-crocodile,0.7492,0.49
1367,non-crocodile,0.7574,0.48
1368,non-crocodile,0.5904,0.49
1369,non-crocodile,0.5315,0.48
1370,non-crocodile,0.6867,0.49
1371,non-crocodile,0.7301,0.47
1372,non-crocodile,0.6786,0.5
1373,non-crocodile,0.5815,0.46
1374,non-crocodile,0.6031,0.49
1375,non-crocodile,0.7497,0.47
1376,non-crocodile,0.5881,0.49
1377,non-crocodile,0.5072,0.49
1378,crocodile,0.5628,0.46
1379,crocodile,0.7286,0.5
1380,crocodile,0.6625,0.45
1381,crocodile,0.6921,0.49
1382,crocodile,0.8603,0.49
1383,crocodile,0.738,0.49
1384,crocodile,0.7423,0.47
1385,crocodile,0.8004,0.49
1386,crocodile,0.7927,0.48
1387,crocodile,0.8002,0.49
1388,crocodile,0.8406,0.48
1389,crocodile,0.7762,0.5
1390,crocodile,0.8519,0.47
1391,crocodile,0.8738,0.49
1392,crocodile,0.9305,0.46
1393,crocodile,0.9156,0.48
1394,crocodile,0.8567,0.44
1395,crocodile,0.8405,0.48
1396,crocodile,0.8006,0.44
1397,crocodile,0.7321,0.44
1398,crocodile,0.7111,0.5
1399,crocodile,0.5016,0.49
1400,crocodile,0.7668,0.49
1401,crocodile,0.6486,0.46
1402,crocodile,0.7863,0.49
1403,crocodile,0.6225,0.48
1404,crocodile,0.7895,0.49
1405,crocodile,0.683,0.48
1406,crocodile,0.6565,0.49
1407,crocodile,0.8925,0.46
1408,crocodile,0.9196,0.48
1409,crocodile,0.8802,0.43
1410,crocodile,0.9217,0.46
1411,crocodile,0.9384,0.48
1412,crocodile,0.9402,0.45
1413,crocodile,0.8974,0.47
1414,crocodile,0.9185,0.48
1415,crocodile,0.8482,0.48
1416,crocodile,0.885,0.48
1417,crocodile,0.8845,0.46
1418,crocodile,0.8965,0.45
1419,crocodile,0.9174,0.48
1420,crocodile,0.9144,0.48
1421,crocodile,0.9018,0.48
1422,crocodile,0.8981,0.48
1423,crocodile,0.6275,0.5
1424,crocodile,0.7369,0.48
1425,crocodile,0.5304,0.49
1426,crocodile,0.8014,0.47
1427,crocodile,0.8151,0.49
1428,crocodile,0.9095,0.48
1429,crocodile,0.859,0.5
1430,crocodile,0.9023,0.47
1431,crocodile,0.8599,0.48
1432,crocodile,0.8959,0.49
1433,crocodile,0.9069,0.5
1434,crocodile,0.9156,0.47
1435,crocodile,0.8343,0.5
1436,crocodile,0.9038,0.46
1437,crocodile,0.9182,0.49
1438,crocodile,0.9012,0.48
1439,crocodile,0.9485,0.5
1440,crocodile,0.921,0.46
1441,crocodile,0.9131,0.48
1442,crocodile,0.9275,0.48
1443,crocodile,0.9155,0.49
1444,crocodile,0.9276,0.47
1445,crocodile,0.8785,0.5
1446,crocodile,0.9385,0.46
1447,crocodile,0.8046,0.47
1448,crocodile,0.9221,0.44
1449,crocodile,0.8909,0.47
1450,crocodile,0.8753,0.5
1451,crocodile,0.8913,0.46
1452,crocodile,0.8636,0.49
1453,crocodile,0.854,0.46
1454,crocodile,0.8607,0.49
1455,crocodile,0.8667,0.48
1456,crocodile,0.8019,0.49
1457,crocodile,0.8162,0.46
1458,crocodile,0.8094,0.49
1459,crocodile,0.7204,0.48
1460,crocodile,0.7337,0.49
1461,crocodile,0.7295,0.48
1462,crocodile,0.83,0.5
1463,crocodile,0.7697,0.45
1464,crocodile,0.7916,0.49
1465,crocodile,0.6113,0.48
1466,crocodile,0.8006,0.47
1467,crocodile,0.8923,0.49
1468,crocodile,0.8236,0.47
1469,crocodile,0.7387,0.49
1470,crocodile,0.7707,0.46
1471,crocodile,0.5805,0.49
1472,crocodile,0.6962,0.44
1473,crocodile,0.5881,0.49
1474,crocodile,0.5523,0.48
1475,crocodile,0.7218,0.49
1476,crocodile,0.7125,0.47
1477,crocodile,0.8361,0.49
1478,crocodile,0.8334,0.46
1479,crocodile,0.9452,0.5
1480,crocodile,0.9257,0.47
1481,crocodile,0.8956,0.49
1482,crocodile,0.8782,0.48
1483,crocodile,0.9033,0.49
1484,crocodile,0.8881,0.46
1485,crocodile,0.9028,0.48
1486,crocodile,0.9425,0.5
1487,crocodile,0.9539,0.46
1488,crocodile,0.9656,0.49
1489,crocodile,0.894,0.48
1490,crocodile,0.7825,0.49
1491,crocodile,0.7919,0.47
1492,crocodile,0.8013,0.49
1493,crocodile,0.7283,0.47
1494,crocodile,0.7775,0.5
1495,crocodile,0.7417,0.47
1496,crocodile,0.652,0.49
1497,non-crocodile,0.5886,0.46
1498,crocodile,0.634,0.5
1499,crocodile,0.6307,0.48
1500,crocodile,0.6454,0.5
1501,non-crocodile,0.6004,0.45
1502,non-crocodile,0.5798,0.48
1503,non-crocodile,0.8669,0.45
1504,non-crocodile,0.7928,0.5
1505,non-crocodile,0.8437,0.46
1506,non-crocodile,0.7773,0.49
1507,non-crocodile,0.8581,0.46
1508,non-crocodile,0.904,0.5
1509,non-crocodile,0.9126,0.47
1510,non-crocodile,0.9414,0.49
1511,non-crocodile,0.937,0.47
1512,non-crocodile,0.9398,0.49
1513,non-crocodile,0.8757,0.44
1514,non-crocodile,0.8408,0.5
1515,non-crocodile,0.8648,0.46
1516,non-crocodile,0.8533,0.45
1517,non-crocodile,0.829,0.48
1518,non-crocodile,0.8248,0.47
1519,non-crocodile,0.8749,0.47
1520,non-crocodile,0.8942,0.45
1521,non-crocodile,0.9257,0.45
1522,non-crocodile,0.8222,0.49
1523,non-crocodile,0.8456,0.44
1524,non-crocodile,0.9195,0.46
1525,non-crocodile,0.9489,0.49
1526,non-crocodile,0.7785,0.47
1527,non-crocodile,0.7026,0.49
1528,non-crocodile,0.8224,0.47
1529,non-crocodile,0.8704,0.49
1530,non-crocodile,0.8181,0.45
1531,non-crocodile,0.8585,0.45
1532,non-crocodile,0.7896,0.49
1533,non-crocodile,0.5883,0.47
1534,non-crocodile,0.6233,0.49
1535,non-crocodile,0.6334,0.48
1536,non-crocodile,0.6463,0.48
1537,non-crocodile,0.6678,0.48
1538,non-crocodile,0.5993,0.5
1539,crocodile,0.5053,0.47
1540,crocodile,0.5634,0.49
1541,non-crocodile,0.6327,0.47
1542,non-crocodile,0.5639,0.5
1543,non-crocodile,0.7569,0.46
1544,non-crocodile,0.6508,0.49
1545,non-crocodile,0.5374,0.48
1546,crocodile,0.5228,0.5
1547,non-crocodile,0.5001,0.46
1548,non-crocodile,0.5798,0.48
1549,crocodile,0.5603,0.48
1550,non-crocodile,0.5374,0.49
1551,non-crocodile,0.5525,0.46
1552,crocodile,0.6818,0.5
1553,crocodile,0.6131,0.46
1554,crocodile,0.5339,0.5
1555,crocodile,0.6079,0.48
1556,crocodile,0.5953,0.49
1557,non-crocodile,0.5289,0.47
1558,non-crocodile,0.5092,0.48
1559,crocodile,0.629,0.48
1560,crocodile,0.5256,0.49
1561,crocodile,0.5611,0.46
1562,crocodile,0.6231,0.49
1563,crocodile,0.6074,0.45
1564,crocodile,0.5154,0.5
1565,crocodile,0.5213,0.5
1566,non-crocodile,0.5509,0.45
1567,crocodile,0.532,0.49
1568,crocodile,0.6437,0.46
1569,crocodile,0.5832,0.49
1570,crocodile,0.577,0.47
1571,crocodile,0.6404,0.49
1572,crocodile,0.5929,0.47
1573,crocodile,0.7128,0.49
1574,crocodile,0.719,0.46
1575,crocodile,0.5607,0.48
1576,crocodile,0.6685,0.45
1577,crocodile,0.6637,0.48
1578,crocodile,0.5649,0.43
1579,crocodile,0.5855,0.47
1580,crocodile,0.6287,0.48
1581,non-crocodile,0.6045,0.47
1582,crocodile,0.6198,0.49
1583,non-crocodile,0.6931,0.47
1584,non-crocodile,0.6012,0.49
1585,non-crocodile,0.5491,0.46
1586,crocodile,0.5126,0.49
1587,crocodile,0.5204,0.49
1588,crocodile,0.7182,0.46
1589,crocodile,0.6359,0.49
1590,crocodile,0.5155,0.46
1591,crocodile,0.6187,0.49
1592,crocodile,0.5249,0.44
1593,crocodile,0.5304,0.49
1594,crocodile,0.7742,0.49
1595,crocodile,0.8174,0.46
1596,crocodile,0.8836,0.5
1597,crocodile,0.8281,0.46
1598,crocodile,0.7518,0.49
1599,crocodile,0.608,0.48
1600,crocodile,0.8687,0.49
1601,crocodile,0.7763,0.45
1602,crocodile,0.7863,0.48
1603,crocodile,0.7532,0.45
1604,crocodile,0.8408,0.49
1605,non-crocodile,0.6242,0.47
1606,crocodile,0.5127,0.49
1607,non-crocodile,0.737,0.47
1608,non-crocodile,0.5803,0.46
1609,non-crocodile,0.7281,0.45
1610,non-crocodile,0.7415,0.47
1611,non-crocodile,0.7442,0.5
1612,non-crocodile,0.6878,0.46
1613,non-crocodile,0.6732,0.49
1614,non-crocodile,0.5033,0.47
1615,crocodile,0.734,0.5
1616,crocodile,0.7154,0.47
1617,crocodile,0.6481,0.49
1618,crocodile,0.8203,0.49
1619,crocodile,0.7383,0.49
1620,crocodile,0.5702,0.48
1621,crocodile,0.5735,0.5
1622,crocodile,0.5255,0.46
1623,non-crocodile,0.6031,0.49
1624,crocodile,0.5008,0.47
1625,crocodile,0.7069,0.5
1626,crocodile,0.6384,0.47
1627,crocodile,0.5496,0.5
1628,crocodile,0.5724,0.47
1629,non-crocodile,0.7898,0.49
1630,non-crocodile,0.9634,0.47
1631,non-crocodile,0.9483,0.49
1632,non-crocodile,0.9706,0.47
1633,non-crocodile,0.9597,0.49
1634,non-crocodile,0.8286,0.47
1635,non-crocodile,0.7889,0.5
1636,non-crocodile,0.5396,0.47
1637,crocodile,0.6472,0.49
1638,crocodile,0.6976,0.47
1639,crocodile,0.5133,0.49
1640,non-crocodile,0.5881,0.47
1641,crocodile,0.5583,0.48
1642,crocodile,0.5789,0.45
1643,non-crocodile,0.5406,0.48
1644,non-crocodile,0.5461,0.45
1645,crocodile,0.584,0.48
1646,crocodile,0.5164,0.46
1647,crocodile,0.5858,0.49
1648,crocodile,0.5831,0.45
1649,crocodile,0.6356,0.5
1650,crocodile,0.6393,0.47
1651,crocodile,0.5788,0.48
1652,crocodile,0.5829,0.45
1653,crocodile,0.6384,0.45
1654,non-crocodile,0.5165,0.49
1655,non-crocodile,0.5707,0.48
1656,non-crocodile,0.5644,0.5
1657,crocodile,0.5923,0.46
1658,non-crocodile,0.6773,0.48
1659,non-crocodile,0.567,0.48
1660,non-crocodile,0.7977,0.5
1661,non-crocodile,0.6546,0.46
1662,non-crocodile,0.7711,0.5
1663,non-crocodile,0.6366,0.45
1664,non-crocodile,0.783,0.5
1665,non-crocodile,0.8162,0.49
1666,non-crocodile,0.872,0.49
1667,non-crocodile,0.8819,0.47
1668,non-crocodile,0.9006,0.48
1669,non-crocodile,0.8497,0.48
1670,non-crocodile,0.745,0.5
1671,non-crocodile,0.6951,0.46
1672,non-crocodile,0.5317,0.49
1673,non-crocodile,0.6577,0.47
1674,non-crocodile,0.6702,0.49
1675,non-crocodile,0.561,0.46
1676,non-crocodile,0.5998,0.46
1677,non-crocodile,0.5017,0.47
1678,non-crocodile,0.5613,0.45
1679,crocodile,0.5498,0.49
1680,non-crocodile,0.6509,0.46
1681,non-crocodile,0.5514,0.49
1682,non-crocodile,0.6396,0.49
1683,non-crocodile,0.5968,0.45
1684,non-crocodile,0.5434,0.49
1685,crocodile,0.5464,0.47
1686,non-crocodile,0.5125,0.5
1687,non-crocodile,0.519,0.47
1688,non-crocodile,0.6419,0.5
1689,non-crocodile,0.7418,0.47
1690,non-crocodile,0.758,0.49
1691,non-crocodile,0.8026,0.47
1692,non-crocodile,0.8484,0.47
1693,non-crocodile,0.7893,0.45
1694,non-crocodile,0.7658,0.48
1695,non-crocodile,0.8137,0.47
1696,non-crocodile,0.8058,0.49
1697,non-crocodile,0.8479,0.48
1698,non-crocodile,0.862,0.47
1699,non-crocodile,0.8226,0.48
1700,non-crocodile,0.8026,0.48
1701,non-crocodile,0.8405,0.48
1702,non-crocodile,0.8316,0.44
1703,non-crocodile,0.7928,0.48
1704,non-crocodile,0.7643,0.49
1705,non-crocodile,0.796,0.47
1706,non-crocodile,0.8846,0.5
1707,non-crocodile,0.8396,0.46
1708,non-crocodile,0.837,0.46
1709,non-crocodile,0.8627,0.46
1710,non-crocodile,0.857,0.49
1711,non-crocodile,0.7841,0.47
1712,non-crocodile,0.8337,0.49
1713,non-crocodile,0.7895,0.47
1714,non-crocodile,0.7066,0.49
1715,non-crocodile,0.7228,0.48
1716,non-crocodile,0.7,0.5
1717,non-crocodile,0.7124,0.47
1718,non-crocodile,0.724,0.49
1719,non-crocodile,0.6977,0.45
1720,non-crocodile,0.7753,0.49
1721,non-crocodile,0.7836,0.49
1722,non-crocodile,0.7388,0.46
1723,non-crocodile,0.7393,0.49
1724,non-crocodile,0.6922,0.46
1725,crocodile,0.9435,0.49
1726,crocodile,0.9243,0.48
1727,crocodile,0.9182,0.5
1728,crocodile,0.9313,0.47
1729,crocodile,0.9064,0.49
1730,crocodile,0.956,0.47
1731,crocodile,0.9613,0.49
1732,crocodile,0.9299,0.46
1733,crocodile,0.9441,0.49
1734,crocodile,0.9626,0.47
1735,crocodile,0.982,0.49
1736,crocodile,0.986,0.47
1737,crocodile,0.9834,0.49
1738,crocodile,0.9837,0.47
1739,crocodile,0.9801,0.49
1740,crocodile,0.9873,0.45
1741,crocodile,0.9875,0.49
1742,crocodile,0.9966,0.47
1743,crocodile,0.9967,0.49
1744,crocodile,0.998,0.47
1745,crocodile,0.9971,0.49
1746,crocodile,0.9975,0.47
1747,crocodile,0.9979,0.49
1748,crocodile,0.9973,0.42
1749,crocodile,0.9961,0.48
1750,crocodile,0.992,0.48
1751,crocodile,0.9963,0.46
1752,crocodile,0.9971,0.47
1753,crocodile,0.997,0.48
1754,crocodile,0.9932,0.45
1755,crocodile,0.9955,0.49
1756,crocodile,0.991,0.48
1757,crocodile,0.9927,0.49
1758,crocodile,0.9899,0.46
1759,crocodile,0.993,0.48
1760,crocodile,0.9893,0.5
1761,crocodile,0.9829,0.46
1762,crocodile,0.9836,0.49
1763,crocodile,0.979,0.46
1764,crocodile,0.9574,0.49
1765,crocodile,0.9638,0.45
1766,crocodile,0.9527,0.49
1767,crocodile,0.9114,0.48
1768,crocodile,0.7425,0.49
1769,crocodile,0.8879,0.47
1770,crocodile,0.6961,0.48
1771,crocodile,0.5632,0.45
1772,crocodile,0.6511,0.46
1773,crocodile,0.6181,0.49
1774,non-crocodile,0.8285,0.47
1775,non-crocodile,0.7235,0.49
1776,crocodile,0.7272,0.48
1777,crocodile,0.9212,0.51
1778,crocodile,0.8695,0.47
1779,crocodile,0.6989,0.51
1780,crocodile,0.8895,0.45
1781,crocodile,0.9635,0.49
1782,crocodile,0.967,0.45
1783,crocodile,0.9378,0.49
1784,crocodile,0.9299,0.46
1785,crocodile,0.8831,0.45
1786,crocodile,0.897,0.49
1787,crocodile,0.8802,0.47
1788,crocodile,0.9079,0.49
1789,crocodile,0.9478,0.44
1790,crocodile,0.9668,0.45
1791,crocodile,0.9563,0.49
1792,crocodile,0.9764,0.44
1793,crocodile,0.9875,0.47
1794,crocodile,0.9917,0.48
1795,crocodile,0.9966,0.47
1796,crocodile,0.998,0.48
1797,crocodile,0.9969,0.45
1798,crocodile,0.9994,0.46
1799,crocodile,0.9996,0.48
1800,crocodile,0.9997,0.47
1801,crocodile,0.9995,0.49
1802,crocodile,0.9992,0.48
1803,crocodile,0.9994,0.49
1804,crocodile,0.9995,0.46
1805,crocodile,0.9991,0.49
1806,crocodile,0.9998,0.48
1807,crocodile,0.9994,0.46
1808,crocodile,0.9994,0.49
1809,crocodile,0.9987,0.47
1810,crocodile,0.997,0.49
1811,crocodile,0.9813,0.46
1812,crocodile,0.9898,0.48
1813,crocodile,0.9637,0.45
1814,crocodile,0.9254,0.49
1815,crocodile,0.9227,0.48
1816,crocodile,0.9545,0.48
1817,crocodile,0.9005,0.47
1818,crocodile,0.8033,0.49
1819,crocodile,0.7996,0.44
1820,crocodile,0.7645,0.46
1821,crocodile,0.7133,0.48
1822,crocodile,0.7609,0.45
1823,crocodile,0.7865,0.45
1824,crocodile,0.7733,0.49
1825,crocodile,0.8132,0.48
1826,crocodile,0.7868,0.49
1827,crocodile,0.7819,0.47
1828,crocodile,0.8677,0.48
1829,crocodile,0.8674,0.45
1830,crocodile,0.8845,0.45
1831,crocodile,0.903,0.49
1832,crocodile,0.8425,0.47
1833,crocodile,0.8743,0.48
1834,crocodile,0.8748,0.49
1835,crocodile,0.8375,0.46
1836,crocodile,0.7284,0.49
1837,crocodile,0.7915,0.48
1838,crocodile,0.825,0.49
1839,crocodile,0.8071,0.48
1840,crocodile,0.848,0.49
1841,crocodile,0.8825,0.48
1842,crocodile,0.8983,0.49
1843,crocodile,0.8249,0.47
1844,crocodile,0.823,0.5
1845,crocodile,0.8402,0.47
1846,crocodile,0.8912,0.5
1847,crocodile,0.8556,0.48
1848,crocodile,0.8528,0.49
1849,crocodile,0.9138,0.47
1850,crocodile,0.8563,0.49
1851,crocodile,0.8657,0.45
1852,crocodile,0.8765,0.49
1853,crocodile,0.8976,0.46
1854,crocodile,0.8925,0.49
1855,crocodile,0.801,0.43
1856,crocodile,0.802,0.46
1857,crocodile,0.8502,0.48
1858,crocodile,0.8626,0.43
1859,crocodile,0.9032,0.45
1860,crocodile,0.907,0.44
1861,crocodile,0.8825,0.48
1862,crocodile,0.8707,0.47
1863,crocodile,0.8887,0.44
1864,crocodile,0.8038,0.49
1865,crocodile,0.876,0.48
1866,crocodile,0.8488,0.48
1867,crocodile,0.8558,0.48
1868,crocodile,0.9152,0.49
1869,crocodile,0.918,0.46
1870,crocodile,0.9259,0.49
1871,crocodile,0.9219,0.44
1872,crocodile,0.9007,0.46
1873,crocodile,0.8765,0.5
1874,crocodile,0.8911,0.46
1875,crocodile,0.8016,0.49
1876,crocodile,0.8377,0.48
1877,crocodile,0.8667,0.49
1878,crocodile,0.9298,0.48
1879,crocodile,0.9185,0.49
1880,crocodile,0.8859,0.47
1881,crocodile,0.7964,0.49
1882,crocodile,0.8181,0.47
1883,crocodile,0.8538,0.49
1884,crocodile,0.8657,0.48
1885,crocodile,0.7827,0.5
1886,crocodile,0.7933,0.48
1887,crocodile,0.8244,0.5
1888,crocodile,0.893,0.47
1889,crocodile,0.9028,0.49
1890,crocodile,0.9362,0.48
1891,crocodile,0.8994,0.49
1892,crocodile,0.9113,0.47
1893,crocodile,0.9235,0.49
1894,crocodile,0.9251,0.47
1895,crocodile,0.95,0.5
1896,crocodile,0.9359,0.46
1897,crocodile,0.9339,0.5
1898,crocodile,0.9392,0.47
1899,crocodile,0.8956,0.49
1900,crocodile,0.8698,0.47
1901,crocodile,0.8279,0.47
1902,crocodile,0.8845,0.44
1903,crocodile,0.8429,0.46
1904,crocodile,0.7877,0.48
1905,crocodile,0.757,0.48
1906,crocodile,0.7255,0.49
1907,crocodile,0.7579,0.47
1908,crocodile,0.7695,0.49
1909,crocodile,0.5929,0.45
1910,crocodile,0.579,0.45
1911,crocodile,0.6423,0.49
1912,crocodile,0.5902,0.48
1913,crocodile,0.6265,0.48
1914,crocodile,0.6581,0.48
1915,crocodile,0.6615,0.49
1916,crocodile,0.7264,0.47
1917,crocodile,0.7273,0.49
1918,crocodile,0.7228,0.47
1919,crocodile,0.7687,0.5
1920,crocodile,0.6597,0.49
1921,crocodile,0.6813,0.45
1922,crocodile,0.649,0.49
1923,crocodile,0.6984,0.46
1924,crocodile,0.6701,0.49
1925,crocodile,0.6464,0.45
1926,crocodile,0.7164,0.49
1927,crocodile,0.6765,0.47
1928,crocodile,0.7374,0.48
1929,crocodile,0.7474,0.45
1930,crocodile,0.7772,0.45
1931,crocodile,0.8533,0.49
1932,crocodile,0.8354,0.48
1933,crocodile,0.9113,0.49
1934,crocodile,0.9092,0.48
1935,crocodile,0.9092,0.48
1936,crocodile,0.9157,0.48
1937,crocodile,0.9045,0.5
1938,crocodile,0.9225,0.47
1939,crocodile,0.9191,0.49
1940,crocodile,0.9064,0.46
1941,crocodile,0.926,0.49
1942,crocodile,0.8823,0.47
1943,crocodile,0.935,0.49
1944,crocodile,0.9291,0.48
1945,crocodile,0.9517,0.48
1946,crocodile,0.9324,0.48
1947,crocodile,0.9545,0.49
1948,crocodile,0.9499,0.47
1949,crocodile,0.951,0.49
1950,crocodile,0.9671,0.47
1951,crocodile,0.976,0.48
1952,crocodile,0.9728,0.44
1953,crocodile,0.9725,0.45
1954,crocodile,0.9769,0.5
1955,crocodile,0.9765,0.49
1956,crocodile,0.9793,0.5
1957,crocodile,0.9772,0.45
1958,crocodile,0.9755,0.49
1959,crocodile,0.982,0.47
1960,crocodile,0.9894,0.49
1961,crocodile,0.9939,0.48
1962,crocodile,0.9764,0.49
1963,crocodile,0.9766,0.47
1964,crocodile,0.9746,0.5
1965,crocodile,0.9846,0.48
1966,crocodile,0.9607,0.49
1967,crocodile,0.9656,0.46
1968,crocodile,0.9599,0.5
1969,crocodile,0.9521,0.45
1970,crocodile,0.9506,0.49
1971,crocodile,0.9722,0.49
1972,crocodile,0.9743,0.46
1973,crocodile,0.9513,0.49
1974,crocodile,0.921,0.46
1975,crocodile,0.9421,0.49
1976,crocodile,0.9632,0.48
1977,crocodile,0.9327,0.49
1978,crocodile,0.9689,0.47
1979,crocodile,0.9524,0.48
1980,crocodile,0.9506,0.44
1981,crocodile,0.9508,0.49
1982,crocodile,0.9562,0.47
1983,crocodile,0.9748,0.49
1984,crocodile,0.981,0.44
1985,crocodile,0.9746,0.46
1986,crocodile,0.9865,0.49
1987,crocodile,0.9812,0.47
1988,crocodile,0.9873,0.49
1989,crocodile,0.987,0.47
1990,crocodile,0.9883,0.5
1991,crocodile,0.9953,0.46
1992,crocodile,0.9922,0.49
1993,crocodile,0.9962,0.49
1994,crocodile,0.9948,0.45
1995,crocodile,0.9932,0.49
1996,crocodile,0.9969,0.47
1997,crocodile,0.9945,0.49
1998,crocodile,0.9963,0.48
1999,crocodile,0.9932,0.5
2000,crocodile,0.9944,0.47
2001,crocodile,0.9947,0.47
2002,crocodile,0.9984,0.45
2003,crocodile,0.9986,0.5
2004,crocodile,0.9983,0.47
2005,crocodile,0.9984,0.5
2006,crocodile,0.9988,0.46
2007,crocodile,0.9992,0.5
2008,crocodile,0.9986,0.47
2009,crocodile,0.9991,0.5
2010,crocodile,0.9989,0.47
2011,crocodile,0.9998,0.49
2012,crocodile,0.9997,0.47
2013,crocodile,0.9996,0.47
2014,crocodile,0.9992,0.46
2015,crocodile,0.9996,0.46
2016,crocodile,0.9989,0.5
2017,crocodile,0.9985,0.47
2018,crocodile,0.9994,0.49
2019,crocodile,0.9997,0.47
2020,crocodile,0.9991,0.5
2021,crocodile,0.9992,0.46
2022,crocodile,0.9974,0.49
2023,crocodile,0.9991,0.48
2024,crocodile,0.9946,0.47
2025,crocodile,0.9736,0.48
2026,crocodile,0.9457,0.49
2027,crocodile,0.9769,0.5
2028,crocodile,0.9424,0.46
2029,crocodile,0.9048,0.49
2030,crocodile,0.9052,0.46
2031,crocodile,0.8903,0.49
2032,crocodile,0.8147,0.45
2033,crocodile,0.95,0.49
2034,crocodile,0.9555,0.47
2035,crocodile,0.9507,0.47
2036,crocodile,0.954,0.45
2037,crocodile,0.9687,0.46
2038,crocodile,0.9612,0.48
2039,crocodile,0.9671,0.44
2040,crocodile,0.966,0.46
2041,crocodile,0.9654,0.49
2042,crocodile,0.9618,0.47
2043,crocodile,0.9609,0.49
2044,crocodile,0.9359,0.49
2045,crocodile,0.9457,0.48
2046,crocodile,0.9471,0.46
2047,crocodile,0.9532,0.46
2048,crocodile,0.9635,0.51
2049,crocodile,0.9489,0.47
2050,crocodile,0.9555,0.48
2051,crocodile,0.9307,0.47
2052,crocodile,0.9414,0.46
2053,crocodile,0.9578,0.49
2054,crocodile,0.9586,0.48
2055,crocodile,0.9652,0.45
2056,crocodile,0.9424,0.48
2057,crocodile,0.9552,0.5
2058,crocodile,0.9487,0.46
2059,crocodile,0.9601,0.49
2060,crocodile,0.9639,0.48
2061,crocodile,0.9454,0.5
2062,crocodile,0.9492,0.47
2063,crocodile,0.9569,0.49
2064,crocodile,0.9566,0.46
2065,crocodile,0.9444,0.49
2066,crocodile,0.9483,0.47
2067,crocodile,0.9606,0.49
2068,crocodile,0.9685,0.48
2069,crocodile,0.9674,0.48
2070,crocodile,0.9695,0.47
2071,crocodile,0.9504,0.5
2072,crocodile,0.9483,0.44
2073,crocodile,0.9444,0.49
2074,crocodile,0.9076,0.45
2075,crocodile,0.9124,0.49
2076,crocodile,0.9048,0.48
2077,crocodile,0.9215,0.5
2078,crocodile,0.956,0.47
2079,crocodile,0.9473,0.48
2080,crocodile,0.8988,0.48
2081,crocodile,0.8821,0.5
2082,crocodile,0.8714,0.46
2083,crocodile,0.904,0.49
2084,crocodile,0.8943,0.46
2085,crocodile,0.8478,0.46
2086,crocodile,0.7882,0.47
2087,crocodile,0.8411,0.47
2088,crocodile,0.8476,0.45
2089,crocodile,0.8785,0.46
2090,crocodile,0.9259,0.47
2091,crocodile,0.953,0.48
2092,crocodile,0.9358,0.45
2093,crocodile,0.9533,0.46
2094,crocodile,0.9577,0.49
2095,crocodile,0.9461,0.47
2096,crocodile,0.938,0.48
2097,crocodile,0.9475,0.48
2098,crocodile,0.9793,0.49
2099,crocodile,0.9551,0.48
2100,crocodile,0.9571,0.49
2101,crocodile,0.943,0.46
2102,crocodile,0.9483,0.49
2103,crocodile,0.897,0.44
2104,crocodile,0.943,0.47
2105,crocodile,0.9133,0.5
2106,crocodile,0.9495,0.46
2107,crocodile,0.9386,0.49
2108,crocodile,0.9341,0.46
2109,crocodile,0.9276,0.5
2110,crocodile,0.9379,0.49
2111,crocodile,0.9467,0.49
2112,crocodile,0.9115,0.46
2113,crocodile,0.8923,0.49
2114,crocodile,0.933,0.47
2115,crocodile,0.9122,0.5
2116,crocodile,0.9331,0.48
2117,crocodile,0.9313,0.46
2118,crocodile,0.9304,0.45
2119,crocodile,0.9423,0.47
2120,crocodile,0.9498,0.47
2121,crocodile,0.924,0.45
2122,crocodile,0.9498,0.46
2123,crocodile,0.9292,0.5
2124,crocodile,0.971,0.46
2125,crocodile,0.9823,0.49
2126,crocodile,0.9803,0.46
2127,crocodile,0.9687,0.49
2128,crocodile,0.9492,0.44
2129,crocodile,0.929,0.47
2130,crocodile,0.9348,0.5
2131,crocodile,0.9356,0.46
2132,crocodile,0.9175,0.48
2133,crocodile,0.9378,0.49
2134,crocodile,0.9575,0.5
2135,crocodile,0.9602,0.46
2136,crocodile,0.911,0.49
2137,crocodile,0.9701,0.46
2138,crocodile,0.9151,0.49
2139,crocodile,0.9607,0.48
2140,crocodile,0.9479,0.48
2141,crocodile,0.9668,0.44
2142,crocodile,0.9771,0.45
2143,crocodile,0.9787,0.49
2144,crocodile,0.9892,0.47
2145,crocodile,0.9911,0.49
2146,crocodile,0.9901,0.44
2147,crocodile,0.9864,0.46
2148,crocodile,0.9873,0.5
2149,crocodile,0.9862,0.45
2150,crocodile,0.9864,0.49
2151,crocodile,0.9875,0.48
2152,crocodile,0.9815,0.46
2153,crocodile,0.9752,0.49
2154,crocodile,0.9685,0.47
2155,crocodile,0.9721,0.49
2156,crocodile,0.9866,0.48
2157,crocodile,0.99,0.49
2158,crocodile,0.9948,0.47
2159,crocodile,0.9948,0.48
2160,crocodile,0.9889,0.47
2161,crocodile,0.9907,0.49
2162,crocodile,0.9736,0.48
2163,crocodile,0.9904,0.5
2164,crocodile,0.9896,0.46
2165,crocodile,0.9886,0.48
2166,crocodile,0.9931,0.44
2167,crocodile,0.9862,0.49
2168,crocodile,0.995,0.49
2169,crocodile,0.996,0.46
2170,crocodile,0.9976,0.49
2171,crocodile,0.9955,0.46
2172,crocodile,0.9948,0.49
2173,crocodile,0.9977,0.45
2174,crocodile,0.9966,0.49
2175,crocodile,0.9951,0.47
2176,crocodile,0.9945,0.5
2177,crocodile,0.9963,0.47
2178,crocodile,0.9979,0.49
2179,crocodile,0.9975,0.47
2180,crocodile,0.9984,0.48
2181,crocodile,0.9434,0.44
2182,crocodile,0.8873,0.46
2183,crocodile,0.9101,0.49
2184,crocodile,0.952,0.48
2185,crocodile,0.8457,0.49
2186,crocodile,0.9717,0.47
2187,crocodile,0.984,0.49
2188,crocodile,0.9748,0.47
2189,crocodile,0.9754,0.49
2190,crocodile,0.9928,0.49
2191,crocodile,0.9914,0.46
2192,crocodile,0.9959,0.5
2193,crocodile,0.9962,0.47
2194,crocodile,0.9985,0.49
2195,crocodile,0.9988,0.47
2196,crocodile,0.9998,0.49
2197,crocodile,0.9998,0.48
2198,crocodile,1.0,0.48
2199,crocodile,1.0,0.47
2200,crocodile,1.0,0.48
2201,crocodile,1.0,0.45
2202,crocodile,1.0,0.49
2203,crocodile,1.0,0.47
2204,crocodile,1.0,0.49
2205,crocodile,1.0,0.46
2206,crocodile,1.0,0.49
2207,crocodile,1.0,0.49
2208,crocodile,1.0,0.44
2209,crocodile,1.0,0.49
2210,crocodile,1.0,0.44
2211,crocodile,1.0,0.48
2212,crocodile,1.0,0.44
2213,crocodile,1.0,0.46
2214,crocodile,1.0,0.47
2215,crocodile,1.0,0.45
2216,crocodile,1.0,0.46
2217,crocodile,1.0,0.48
2218,crocodile,1.0,0.45
2219,crocodile,1.0,0.46
2220,crocodile,1.0,0.5
2221,crocodile,1.0,0.46
2222,crocodile,1.0,0.49
2223,crocodile,1.0,0.47
2224,crocodile,1.0,0.48
2225,crocodile,1.0,0.48
2226,crocodile,1.0,0.5
2227,crocodile,1.0,0.47
2228,crocodile,1.0,0.5
2229,crocodile,1.0,0.46
2230,crocodile,1.0,0.5
2231,crocodile,1.0,0.47
2232,crocodile,1.0,0.49
2233,crocodile,1.0,0.47
2234,crocodile,1.0,0.48
2235,crocodile,1.0,0.44
2236,crocodile,1.0,0.48
2237,crocodile,1.0,0.48
2238,crocodile,1.0,0.46
2239,crocodile,1.0,0.48
2240,crocodile,1.0,0.47
2241,crocodile,0.6443,0.48
2242,crocodile,0.685,0.44
2243,crocodile,0.7883,0.46
2244,crocodile,0.7352,0.49
2245,crocodile,0.8728,0.47
2246,crocodile,0.8009,0.48
2247,crocodile,0.6412,0.42
2248,crocodile,0.6621,0.49
2249,crocodile,0.7339,0.48
2250,crocodile,0.7502,0.48
2251,crocodile,0.7126,0.48
2252,crocodile,0.7644,0.45
2253,crocodile,0.5832,0.45
2254,crocodile,0.7362,0.48
2255,crocodile,0.8237,0.45
2256,crocodile,0.7903,0.48
2257,crocodile,0.7629,0.44
2258,crocodile,0.7787,0.48
2259,crocodile,0.6862,0.48
2260,crocodile,0.7283,0.48
2261,crocodile,0.7633,0.47
2262,crocodile,0.7542,0.49
2263,crocodile,0.7194,0.44
2264,crocodile,0.7584,0.49
2265,crocodile,0.8712,0.47
2266,crocodile,0.8651,0.49
2267,crocodile,0.8002,0.45
2268,crocodile,0.8759,0.49
2269,crocodile,0.9159,0.46
2270,crocodile,0.9219,0.46
2271,crocodile,0.9389,0.49
2272,crocodile,0.9073,0.49
2273,crocodile,0.9351,0.49
2274,crocodile,0.9486,0.47
2275,crocodile,0.9423,0.48
2276,crocodile,0.9674,0.45
2277,crocodile,0.9848,0.45
2278,crocodile,0.9569,0.48
2279,crocodile,0.9387,0.48
2280,crocodile,0.9263,0.48
2281,crocodile,0.9131,0.45
2282,crocodile,0.9074,0.45
2283,crocodile,0.9261,0.5
2284,crocodile,0.9535,0.48
2285,crocodile,0.911,0.49
2286,crocodile,0.9524,0.47
2287,crocodile,0.9558,0.47
2288,crocodile,0.9451,0.45
2289,crocodile,0.9411,0.45
2290,crocodile,0.9424,0.5
2291,crocodile,0.955,0.47
2292,crocodile,0.9371,0.49
2293,crocodile,0.9269,0.48
2294,crocodile,0.91,0.49
2295,crocodile,0.8969,0.47
2296,crocodile,0.9546,0.49
2297,crocodile,0.9304,0.47
2298,crocodile,0.8947,0.47
2299,crocodile,0.8756,0.43
2300,crocodile,0.9174,0.43
2301,crocodile,0.9276,0.44
2302,crocodile,0.9273,0.47
2303,crocodile,0.9526,0.5
2304,crocodile,0.9656,0.46
2305,crocodile,0.9415,0.49
2306,crocodile,0.9305,0.46
2307,crocodile,0.9585,0.49
2308,crocodile,0.9698,0.48
2309,crocodile,0.9728,0.46
2310,crocodile,0.9711,0.49
2311,crocodile,0.9679,0.44
2312,crocodile,0.949,0.49
2313,crocodile,0.9293,0.42
2314,crocodile,0.9375,0.48
2315,crocodile,0.9201,0.48
2316,crocodile,0.9385,0.49
2317,crocodile,0.9189,0.47
2318,crocodile,0.9372,0.46
2319,crocodile,0.939,0.47
2320,crocodile,0.9169,0.49
2321,crocodile,0.9102,0.47
2322,crocodile,0.8744,0.49
2323,crocodile,0.8539,0.47
2324,crocodile,0.9204,0.49
2325,crocodile,0.9484,0.47
2326,crocodile,0.9454,0.49
2327,crocodile,0.9377,0.48
2328,crocodile,0.9503,0.47
2329,crocodile,0.9115,0.45
2330,crocodile,0.9491,0.49
2331,crocodile,0.8969,0.47
2332,crocodile,0.916,0.49
2333,crocodile,0.9358,0.46
2334,crocodile,0.9341,0.49
2335,crocodile,0.929,0.49
2336,crocodile,0.8903,0.46
2337,crocodile,0.935,0.47
2338,crocodile,0.92,0.45
2339,crocodile,0.934,0.51
2340,crocodile,0.9278,0.45
2341,crocodile,0.8857,0.49
2342,crocodile,0.9025,0.47
2343,crocodile,0.9074,0.49
2344,crocodile,0.8183,0.47
2345,crocodile,0.9179,0.48
2346,crocodile,0.9003,0.48
2347,crocodile,0.9019,0.49
2348,crocodile,0.8953,0.47
2349,crocodile,0.8523,0.49
2350,crocodile,0.8331,0.47
2351,crocodile,0.8539,0.47
2352,crocodile,0.8492,0.45
2353,crocodile,0.8939,0.46
2354,crocodile,0.8926,0.49
2355,crocodile,0.8838,0.46
2356,crocodile,0.8949,0.5
2357,crocodile,0.8609,0.48
2358,crocodile,0.9998,0.49
2359,crocodile,0.9997,0.47
2360,crocodile,0.9994,0.49
2361,crocodile,0.9988,0.48
2362,crocodile,0.9985,0.48
2363,crocodile,0.9975,0.49
2364,crocodile,0.998,0.49
2365,crocodile,0.9929,0.46
2366,crocodile,0.9943,0.49
2367,crocodile,0.9947,0.46
2368,crocodile,0.9921,0.45
2369,crocodile,0.99,0.47
2370,crocodile,0.9891,0.45
2371,crocodile,0.988,0.46
2372,crocodile,0.9889,0.49
2373,crocodile,0.9837,0.47
2374,crocodile,0.9858,0.48
2375,crocodile,0.9824,0.44
2376,crocodile,0.9741,0.47
2377,crocodile,0.9737,0.47
2378,crocodile,0.9777,0.45
2379,crocodile,0.9725,0.46
2380,crocodile,0.978,0.49
2381,crocodile,0.9708,0.47
2382,crocodile,0.9516,0.5
2383,crocodile,0.9414,0.47
2384,crocodile,0.9313,0.49
2385,crocodile,0.9269,0.47
2386,crocodile,0.9363,0.49
2387,crocodile,0.9377,0.48
2388,crocodile,0.925,0.49
2389,crocodile,0.9156,0.47
2390,crocodile,0.9177,0.49
2391,crocodile,0.9357,0.46
2392,crocodile,0.93,0.47
2393,crocodile,0.9317,0.48
2394,crocodile,0.9543,0.48
2395,crocodile,0.935,0.48
2396,crocodile,0.9437,0.44
2397,crocodile,0.9215,0.49
2398,crocodile,0.9297,0.46
2399,crocodile,0.9328,0.49
2400,crocodile,0.9225,0.48
2401,crocodile,0.9285,0.49
2402,crocodile,0.9275,0.47
2403,crocodile,0.9368,0.46
2404,crocodile,0.9319,0.46
2405,crocodile,0.9409,0.46
2406,crocodile,0.9559,0.48
2407,crocodile,0.9915,0.47
2408,crocodile,0.9932,0.48
2409,crocodile,0.9922,0.45
2410,crocodile,0.99,0.46
2411,crocodile,0.9906,0.49
2412,crocodile,0.9791,0.47
2413,crocodile,0.9794,0.49
2414,crocodile,0.9816,0.47
2415,crocodile,0.9892,0.49
2416,crocodile,0.9876,0.46
2417,crocodile,0.9906,0.49
2418,crocodile,0.9889,0.46
2419,crocodile,0.9872,0.49
2420,crocodile,0.9808,0.44
2421,crocodile,0.9792,0.48
2422,crocodile,0.956,0.5
2423,crocodile,0.958,0.43
2424,crocodile,0.9543,0.5
2425,crocodile,0.9706,0.45
2426,crocodile,0.9682,0.46
2427,crocodile,0.962,0.49
2428,crocodile,0.958,0.48
2429,crocodile,0.9634,0.5
2430,crocodile,0.9644,0.46
2431,crocodile,0.9685,0.48
2432,crocodile,0.9607,0.48
2433,crocodile,0.9701,0.47
2434,crocodile,0.9697,0.49
2435,crocodile,0.9774,0.46
2436,crocodile,0.9718,0.48
2437,crocodile,0.9779,0.44
2438,crocodile,0.9775,0.49
2439,crocodile,0.9663,0.47
2440,crocodile,0.972,0.48
2441,crocodile,0.975,0.44
2442,crocodile,0.9756,0.46
2443,crocodile,0.9708,0.49
2444,crocodile,0.972,0.48
2445,crocodile,0.9711,0.49
2446,crocodile,0.9609,0.47
2447,crocodile,0.9658,0.49
2448,crocodile,0.9583,0.47
2449,crocodile,0.9664,0.48
2450,crocodile,0.9758,0.45
2451,crocodile,0.9776,0.43
2452,crocodile,0.9697,0.49
2453,crocodile,0.9795,0.49
2454,crocodile,0.9765,0.45
2455,crocodile,0.9796,0.49
2456,crocodile,0.9772,0.45
2457,crocodile,0.9766,0.5
2458,crocodile,0.9778,0.46
2459,crocodile,0.9783,0.5
2460,crocodile,0.9803,0.46
2461,crocodile,0.9786,0.5
2462,crocodile,0.9766,0.46
2463,crocodile,0.9774,0.49
2464,crocodile,0.9775,0.45
2465,crocodile,0.9769,0.49
2466,crocodile,0.981,0.46
2467,crocodile,0.9788,0.45
2468,crocodile,0.9765,0.49
2469,crocodile,0.9827,0.46
2470,crocodile,0.9797,0.49
2471,crocodile,0.9794,0.46
2472,crocodile,0.9782,0.49
2473,crocodile,0.9753,0.49
2474,crocodile,0.9766,0.46
2475,crocodile,0.9822,0.49
2476,crocodile,0.9767,0.48
2477,crocodile,0.9781,0.49
2478,crocodile,0.9799,0.44
2479,crocodile,0.9806,0.45
2480,crocodile,0.978,0.43
2481,crocodile,0.9763,0.42
2482,crocodile,0.9775,0.44
2483,crocodile,0.9764,0.46
2484,non-crocodile,0.8792,0.49
2485,non-crocodile,0.8855,0.44
2486,non-crocodile,0.9001,0.48
2487,non-crocodile,0.9155,0.45
2488,non-crocodile,0.8918,0.49
2489,non-crocodile,0.9015,0.47
2490,non-crocodile,0.9131,0.49
2491,non-crocodile,0.9304,0.48
2492,non-crocodile,0.9275,0.49
2493,non-crocodile,0.914,0.46
2494,non-crocodile,0.9161,0.49
2495,non-crocodile,0.9271,0.46
2496,non-crocodile,0.9169,0.49
2497,non-crocodile,0.9149,0.45
2498,non-crocodile,0.9399,0.49
2499,non-crocodile,0.9337,0.48
2500,non-crocodile,0.925,0.5
2501,non-crocodile,0.928,0.45
2502,non-crocodile,0.9515,0.48
2503,non-crocodile,0.9279,0.44
2504,non-crocodile,0.9044,0.46
2505,non-crocodile,0.8953,0.49
2506,non-crocodile,0.868,0.47
2507,non-crocodile,0.8767,0.47
2508,non-crocodile,0.8987,0.45
2509,non-crocodile,0.9145,0.44
2510,non-crocodile,0.9226,0.49
2511,non-crocodile,0.8694,0.48
2512,non-crocodile,0.8546,0.49
2513,non-crocodile,0.8413,0.48
2514,non-crocodile,0.8484,0.49
2515,non-crocodile,0.8565,0.48
2516,non-crocodile,0.7608,0.49
2517,non-crocodile,0.7621,0.47
2518,non-crocodile,0.8069,0.5
2519,non-crocodile,0.7877,0.46
2520,non-crocodile,0.7162,0.49
2521,non-crocodile,0.7315,0.47
2522,non-crocodile,0.6862,0.45
2523,non-crocodile,0.7313,0.5
2524,non-crocodile,0.7447,0.45
2525,non-crocodile,0.7455,0.49
2526,non-crocodile,0.6676,0.49
2527,non-crocodile,0.6137,0.46
2528,non-crocodile,0.6697,0.49
2529,non-crocodile,0.8029,0.47
2530,non-crocodile,0.7937,0.49
2531,non-crocodile,0.8296,0.48
2532,non-crocodile,0.7826,0.49
2533,non-crocodile,0.7824,0.48
2534,non-crocodile,0.755,0.49
2535,non-crocodile,0.7774,0.47
2536,non-crocodile,0.7658,0.48
2537,non-crocodile,0.7148,0.45
2538,non-crocodile,0.6807,0.49
2539,non-crocodile,0.7735,0.47
2540,non-crocodile,0.7615,0.48
2541,non-crocodile,0.8345,0.47
2542,non-crocodile,0.798,0.49
2543,non-crocodile,0.8369,0.45
2544,non-crocodile,0.8729,0.46
2545,non-crocodile,0.8427,0.49
2546,non-crocodile,0.8103,0.46
2547,non-crocodile,0.7817,0.49
2548,non-crocodile,0.7769,0.49
2549,non-crocodile,0.666,0.46
2550,non-crocodile,0.7031,0.47
2551,non-crocodile,0.6922,0.45
2552,non-crocodile,0.6742,0.49
2553,non-crocodile,0.5985,0.47
2554,crocodile,0.8458,0.49
2555,crocodile,0.8451,0.45
2556,crocodile,0.9107,0.46
2557,crocodile,0.9046,0.49
2558,crocodile,0.8409,0.46
2559,crocodile,0.8561,0.5
2560,crocodile,0.8851,0.48
2561,crocodile,0.8146,0.49
2562,crocodile,0.8478,0.48
2563,crocodile,0.8234,0.49
2564,crocodile,0.8236,0.49
2565,crocodile,0.7735,0.49
2566,crocodile,0.8205,0.47
2567,crocodile,0.7053,0.49
2568,crocodile,0.7596,0.48
2569,crocodile,0.8049,0.49
2570,crocodile,0.769,0.46
2571,crocodile,0.6862,0.49
2572,crocodile,0.8641,0.45
2573,crocodile,0.7062,0.46
2574,crocodile,0.7246,0.5
2575,crocodile,0.5975,0.46
2576,crocodile,0.5712,0.49
2577,crocodile,0.6949,0.48
2578,crocodile,0.7329,0.5
2579,crocodile,0.7005,0.47
2580,crocodile,0.8385,0.47
2581,crocodile,0.7751,0.46
2582,crocodile,0.7663,0.45
2583,crocodile,0.7531,0.5
2584,crocodile,0.7309,0.47
2585,crocodile,0.6591,0.49
2586,crocodile,0.7704,0.48
2587,crocodile,0.7302,0.47
2588,crocodile,0.7334,0.44
2589,crocodile,0.8396,0.46
2590,crocodile,0.7935,0.48
2591,crocodile,0.6657,0.44
2592,crocodile,0.8013,0.46
2593,crocodile,0.8185,0.48
2594,crocodile,0.6935,0.44
2595,crocodile,0.8123,0.47
2596,crocodile,0.8346,0.49
2597,crocodile,0.8035,0.46
2598,crocodile,0.8493,0.49
2599,crocodile,0.7872,0.44
2600,crocodile,0.8817,0.46
2601,crocodile,0.9103,0.48
2602,crocodile,0.846,0.44
2603,crocodile,0.8298,0.46
2604,crocodile,0.855,0.48
2605,crocodile,0.8239,0.46
2606,crocodile,0.92,0.45
2607,crocodile,0.9494,0.49
2608,crocodile,0.943,0.48
2609,crocodile,0.9304,0.49
2610,crocodile,0.9265,0.47
2611,crocodile,0.8888,0.48
2612,crocodile,0.8961,0.45
2613,crocodile,0.8875,0.44
2614,crocodile,0.8243,0.49
2615,crocodile,0.8911,0.49
2616,crocodile,0.8995,0.46
2617,crocodile,0.9285,0.49
2618,crocodile,0.9253,0.47
2619,crocodile,0.9381,0.47
2620,crocodile,0.9449,0.46
2621,crocodile,0.9115,0.5
2622,crocodile,0.8874,0.46
2623,crocodile,0.8911,0.49
2624,crocodile,0.9191,0.48
2625,crocodile,0.9411,0.49
2626,crocodile,0.9503,0.46
2627,crocodile,0.9582,0.49
2628,crocodile,0.947,0.44
2629,crocodile,0.8989,0.46
2630,crocodile,0.9345,0.48
2631,crocodile,0.9606,0.45
2632,crocodile,0.9143,0.46
2633,crocodile,0.961,0.48
2634,crocodile,0.9579,0.48
2635,crocodile,0.9714,0.49
2636,crocodile,0.9603,0.44
2637,crocodile,0.9745,0.47
2638,crocodile,0.9718,0.5
2639,crocodile,0.9615,0.46
2640,crocodile,0.9791,0.49
2641,crocodile,0.9769,0.47
2642,crocodile,0.9863,0.48
2643,crocodile,0.9643,0.48
2644,crocodile,0.9568,0.49
2645,crocodile,0.96,0.47
2646,crocodile,0.9666,0.49
2647,crocodile,0.9733,0.46
2648,crocodile,0.9879,0.49
2649,crocodile,0.9845,0.46
2650,crocodile,0.9864,0.46
2651,crocodile,0.9894,0.49
2652,crocodile,0.9855,0.46
2653,crocodile,0.9847,0.49
2654,crocodile,0.9795,0.49
2655,crocodile,0.9708,0.45
2656,crocodile,0.9671,0.49
2657,crocodile,0.9699,0.47
2658,crocodile,1.0,0.49
2659,crocodile,1.0,0.47
2660,crocodile,1.0,0.49
2661,crocodile,1.0,0.48
2662,crocodile,1.0,0.48
2663,crocodile,1.0,0.48
2664,crocodile,1.0,0.48
2665,crocodile,1.0,0.48
2666,crocodile,1.0,0.49
2667,crocodile,1.0,0.48
2668,crocodile,1.0,0.49
2669,crocodile,1.0,0.46
2670,crocodile,1.0,0.49
2671,crocodile,1.0,0.48
2672,crocodile,1.0,0.49
2673,crocodile,1.0,0.46
2674,crocodile,1.0,0.49
2675,crocodile,1.0,0.46
2676,crocodile,1.0,0.5
2677,crocodile,1.0,0.46
2678,crocodile,1.0,0.49
2679,crocodile,1.0,0.46
2680,crocodile,1.0,0.49
2681,crocodile,1.0,0.49
2682,crocodile,1.0,0.46
2683,crocodile,1.0,0.5
2684,crocodile,1.0,0.47
2685,crocodile,1.0,0.5
2686,crocodile,1.0,0.46
2687,crocodile,1.0,0.5
2688,crocodile,1.0,0.47
2689,crocodile,1.0,0.49
2690,crocodile,1.0,0.48
2691,crocodile,0.9999,0.48
2692,crocodile,1.0,0.44
2693,crocodile,0.9998,0.49
2694,crocodile,0.9999,0.46
2695,crocodile,0.9997,0.49
2696,crocodile,0.9998,0.44
2697,crocodile,0.9993,0.46
2698,crocodile,0.9996,0.49
2699,crocodile,0.9994,0.48
2700,crocodile,0.9997,0.49
2701,crocodile,0.9991,0.46
2702,crocodile,0.9986,0.46
2703,crocodile,0.9961,0.47
2704,crocodile,0.9935,0.46
2705,crocodile,0.9705,0.49
2706,crocodile,0.97,0.47
2707,crocodile,0.9643,0.49
2708,crocodile,0.9368,0.47
2709,crocodile,0.9338,0.49
2710,crocodile,0.9598,0.49
2711,crocodile,0.9739,0.49
2712,crocodile,0.9637,0.46
2713,crocodile,0.9309,0.49
2714,crocodile,0.9653,0.48
2715,crocodile,0.8061,0.49
2716,crocodile,0.9517,0.47
2717,crocodile,0.9335,0.49
2718,crocodile,0.9639,0.46
2719,crocodile,0.9607,0.49
2720,crocodile,0.9046,0.45
2721,crocodile,0.978,0.46
2722,crocodile,0.8117,0.5
2723,crocodile,0.6857,0.46
2724,crocodile,0.6695,0.5
2725,crocodile,0.6553,0.46
2726,non-crocodile,0.5422,0.49
2727,non-crocodile,0.7081,0.47
2728,non-crocodile,0.7287,0.49
2729,crocodile,0.6976,0.48
2730,crocodile,0.7469,0.48
2731,non-crocodile,0.5121,0.48
2732,non-crocodile,0.5761,0.48
2733,crocodile,0.5528,0.45
2734,non-crocodile,0.6116,0.45
2735,non-crocodile,0.5523,0.48
2736,non-crocodile,0.5738,0.45
2737,crocodile,0.5387,0.48
2738,crocodile,0.5333,0.46
2739,non-crocodile,0.6108,0.46
2740,crocodile,0.6604,0.49
2741,crocodile,0.7135,0.48
2742,crocodile,0.7851,0.49
2743,crocodile,0.8369,0.48
2744,crocodile,0.8231,0.49
2745,crocodile,0.8003,0.47
2746,crocodile,0.6067,0.5
2747,non-crocodile,0.5264,0.46
2748,crocodile,0.5385,0.49
2749,non-crocodile,0.5309,0.45
2750,crocodile,0.5279,0.49
2751,non-crocodile,0.6419,0.47
2752,non-crocodile,0.666,0.46
2753,non-crocodile,0.544,0.49
2754,crocodile,0.7249,0.47
2755,crocodile,0.6236,0.49
2756,crocodile,0.7142,0.49
2757,crocodile,0.7396,0.49
2758,crocodile,0.6182,0.46
2759,crocodile,0.6357,0.49
2760,crocodile,0.7717,0.47
2761,crocodile,0.645,0.49
2762,crocodile,0.7453,0.47
2763,crocodile,0.6399,0.49
2764,crocodile,0.5886,0.49
2765,crocodile,0.5529,0.47
2766,non-crocodile,0.522,0.49
2767,non-crocodile,0.5383,0.47
2768,crocodile,0.6253,0.49
2769,crocodile,0.528,0.46
2770,crocodile,0.7884,0.49
2771,crocodile,0.6568,0.45
2772,crocodile,0.7581,0.49
2773,crocodile,0.5945,0.46
2774,crocodile,0.6043,0.49
2775,crocodile,0.5133,0.45
2776,crocodile,0.6964,0.45
2777,crocodile,0.6532,0.49
2778,crocodile,0.6087,0.48
2779,crocodile,0.6239,0.49
2780,crocodile,0.7507,0.47
2781,crocodile,0.7933,0.48
2782,crocodile,0.7439,0.48
2783,crocodile,0.6936,0.5
2784,crocodile,0.6875,0.47
2785,crocodile,0.6467,0.49
2786,crocodile,0.6312,0.47
2787,crocodile,0.5673,0.49
2788,crocodile,0.6174,0.48
2789,non-crocodile,0.5129,0.48
2790,non-crocodile,0.6697,0.49
2791,non-crocodile,0.5262,0.49
2792,crocodile,0.5553,0.47
2793,non-crocodile,0.5198,0.5
2794,non-crocodile,0.5674,0.46
2795,non-crocodile,0.536,0.5
2796,crocodile,0.6166,0.46
2797,non-crocodile,0.5085,0.49
2798,non-crocodile,0.5045,0.48
2799,non-crocodile,0.7517,0.5
2800,non-crocodile,0.6312,0.46
2801,non-crocodile,0.769,0.46
2802,non-crocodile,0.7048,0.46
2803,non-crocodile,0.6351,0.46
2804,non-crocodile,0.7195,0.49
2805,non-crocodile,0.6815,0.46
2806,non-crocodile,0.6794,0.48
2807,non-crocodile,0.8364,0.5
2808,non-crocodile,0.7331,0.46
2809,non-crocodile,0.8778,0.5
2810,non-crocodile,0.8243,0.47
2811,non-crocodile,0.8463,0.5
2812,non-crocodile,0.5918,0.47
2813,non-crocodile,0.7715,0.49
2814,non-crocodile,0.9375,0.47
2815,non-crocodile,0.9162,0.49
2816,non-crocodile,0.9132,0.46
2817,non-crocodile,0.7091,0.47
2818,non-crocodile,0.8486,0.45
2819,non-crocodile,0.9185,0.48
2820,non-crocodile,0.8255,0.44
2821,non-crocodile,0.859,0.47
2822,non-crocodile,0.7623,0.49
2823,non-crocodile,0.696,0.46
2824,non-crocodile,0.752,0.48
2825,non-crocodile,0.8472,0.46
2826,non-crocodile,0.9364,0.45
2827,non-crocodile,0.9804,0.49
2828,non-crocodile,0.9771,0.48
2829,crocodile,0.9993,0.49
2830,crocodile,0.9993,0.46
2831,crocodile,0.999,0.49
2832,crocodile,0.9978,0.47
2833,crocodile,0.9989,0.48
2834,crocodile,0.9985,0.5
2835,crocodile,0.9973,0.46
2836,crocodile,0.9985,0.49
2837,crocodile,0.9989,0.48
2838,crocodile,0.9987,0.5
2839,crocodile,0.9992,0.47
2840,crocodile,0.9985,0.49
2841,crocodile,0.9993,0.46
2842,crocodile,0.9987,0.49
2843,crocodile,0.9984,0.48
2844,crocodile,0.9971,0.49
2845,crocodile,0.9991,0.45
2846,crocodile,0.9977,0.5
2847,crocodile,0.9989,0.45
2848,crocodile,0.999,0.47
2849,crocodile,0.9993,0.46
2850,crocodile,0.9976,0.46
2851,crocodile,0.997,0.48
2852,crocodile,0.9906,0.47
2853,crocodile,0.9913,0.5
2854,crocodile,0.9845,0.47
2855,crocodile,0.9911,0.5
2856,crocodile,0.9809,0.48
2857,crocodile,0.9864,0.49
2858,crocodile,0.9639,0.47
2859,crocodile,0.8659,0.48
2860,crocodile,0.5187,0.48
2861,non-crocodile,0.5248,0.49
2862,crocodile,0.8336,0.47
2863,non-crocodile,0.5706,0.49
2864,non-crocodile,0.97,0.46
2865,non-crocodile,0.9988,0.46
2866,non-crocodile,0.9984,0.47
2867,non-crocodile,0.9609,0.46
2868,non-crocodile,0.9952,0.45
2869,non-crocodile,0.6655,0.47
2870,crocodile,0.5583,0.47
2871,non-crocodile,0.6021,0.5
2872,non-crocodile,0.5765,0.45
2873,non-crocodile,0.9399,0.46
2874,non-crocodile,0.9318,0.46
2875,non-crocodile,0.9401,0.47
2876,non-crocodile,0.9537,0.48
2877,non-crocodile,0.9138,0.45
2878,non-crocodile,0.9355,0.46
2879,non-crocodile,0.7681,0.47
2880,non-crocodile,0.9387,0.44
2881,non-crocodile,0.8617,0.46
2882,non-crocodile,0.961,0.49
2883,non-crocodile,0.9553,0.44
2884,non-crocodile,0.9894,0.46
2885,non-crocodile,0.8506,0.49
2886,non-crocodile,0.9301,0.45
2887,non-crocodile,0.8847,0.49
2888,non-crocodile,0.9465,0.45
2889,non-crocodile,0.6905,0.47
2890,non-crocodile,0.7482,0.49
2891,crocodile,0.9563,0.47
2892,crocodile,0.9502,0.5
2893,crocodile,0.9538,0.46
2894,crocodile,0.9639,0.49
2895,crocodile,0.9655,0.49
2896,crocodile,0.9724,0.46
2897,crocodile,0.9729,0.49
2898,crocodile,0.9737,0.45
2899,crocodile,0.9703,0.5
2900,crocodile,0.9728,0.45
2901,crocodile,0.9585,0.48
2902,crocodile,0.9545,0.45
2903,crocodile,0.9367,0.46
2904,crocodile,0.937,0.49
2905,crocodile,0.9402,0.46
2906,crocodile,0.9151,0.49
2907,crocodile,0.9563,0.49
2908,crocodile,0.9734,0.46
2909,crocodile,0.9664,0.49
2910,crocodile,0.9664,0.45
2911,crocodile,0.9827,0.46
2912,crocodile,0.9882,0.47
2913,crocodile,0.9771,0.49
2914,crocodile,0.9786,0.48
2915,crocodile,0.9823,0.49
2916,crocodile,0.9828,0.47
2917,crocodile,0.971,0.48
2918,crocodile,0.9813,0.45
2919,crocodile,0.9799,0.46
2920,crocodile,0.9836,0.49
2921,crocodile,0.9755,0.47
2922,crocodile,0.9683,0.48
2923,crocodile,0.9632,0.48
2924,crocodile,0.9599,0.49
2925,crocodile,0.9092,0.48
2926,crocodile,0.9436,0.47
2927,crocodile,0.921,0.45
2928,crocodile,0.923,0.46
2929,crocodile,0.9213,0.47
2930,crocodile,0.918,0.45
2931,crocodile,0.9087,0.46
2932,crocodile,0.9594,0.49
2933,crocodile,0.9498,0.44
2934,crocodile,0.9582,0.46
2935,crocodile,0.9372,0.49
2936,crocodile,0.9403,0.48
2937,crocodile,0.932,0.49
2938,crocodile,0.9371,0.48
2939,crocodile,0.9599,0.49
2940,crocodile,0.9745,0.45
2941,crocodile,0.9713,0.45
2942,crocodile,0.9639,0.49
2943,crocodile,0.9806,0.48
2944,crocodile,0.9758,0.48
2945,crocodile,0.9784,0.45
2946,crocodile,0.9809,0.46
2947,crocodile,0.9616,0.48
2948,crocodile,0.97,0.47
2949,crocodile,0.951,0.49
2950,crocodile,0.9632,0.48
2951,crocodile,0.956,0.48
2952,crocodile,0.9207,0.45
2953,crocodile,0.928,0.45
2954,crocodile,0.9778,0.49
2955,crocodile,0.9288,0.45
2956,crocodile,0.9181,0.44
2957,crocodile,0.9614,0.49
2958,crocodile,0.9109,0.49
2959,crocodile,0.882,0.47
2960,crocodile,0.8319,0.48
2961,crocodile,0.7636,0.43
2962,crocodile,0.871,0.49
2963,crocodile,0.7828,0.49
2964,crocodile,0.848,0.46
2965,crocodile,0.8922,0.49
2966,crocodile,0.8983,0.47
2967,crocodile,0.8841,0.5
2968,crocodile,0.7365,0.47
2969,crocodile,0.6343,0.49
2970,crocodile,0.5092,0.46
2971,crocodile,0.5234,0.49
2972,non-crocodile,0.524,0.45
2973,non-crocodile,0.5075,0.47
2974,crocodile,0.7615,0.44
2975,crocodile,0.8056,0.45
2976,crocodile,0.7009,0.49
2977,crocodile,0.6812,0.46
2978,crocodile,0.7782,0.49
2979,non-crocodile,0.5143,0.48
2980,crocodile,0.5664,0.46
2981,crocodile,0.524,0.49
2982,non-crocodile,0.5818,0.46
2983,non-crocodile,0.6698,0.49
2984,non-crocodile,0.5266,0.45
2985,non-crocodile,0.5591,0.48
2986,non-crocodile,0.544,0.44
2987,non-crocodile,0.5772,0.45
2988,non-crocodile,0.6482,0.48
2989,non-crocodile,0.5216,0.43
2990,crocodile,0.5482,0.45
2991,crocodile,0.5898,0.49
2992,crocodile,0.5078,0.49
2993,non-crocodile,0.597,0.46
2994,non-crocodile,0.6458,0.47
2995,crocodile,0.5204,0.46
2996,crocodile,0.7019,0.49
2997,crocodile,0.7946,0.48
2998,crocodile,0.8002,0.49
2999,crocodile,0.9109,0.48
3000,crocodile,0.8889,0.49
3001,crocodile,0.9163,0.46
3002,non-crocodile,0.6796,0.49
3003,non-crocodile,0.84,0.48
3004,non-crocodile,0.778,0.49
3005,non-crocodile,0.5201,0.47
3006,non-crocodile,0.6661,0.48
3007,non-crocodile,0.548,0.46
3008,crocodile,0.8313,0.46
3009,crocodile,0.8267,0.5
3010,crocodile,0.8008,0.46
3011,crocodile,0.7928,0.48
3012,crocodile,0.5455,0.45
3013,non-crocodile,0.647,0.46
3014,non-crocodile,0.6653,0.5
3015,non-crocodile,0.8736,0.46
3016,non-crocodile,0.801,0.49
3017,non-crocodile,0.8685,0.47
3018,non-crocodile,0.9397,0.48
3019,non-crocodile,0.752,0.45
3020,crocodile,0.7071,0.46
3021,crocodile,0.9052,0.49
3022,crocodile,0.9261,0.47
3023,crocodile,0.7944,0.48
3024,crocodile,0.951,0.45
3025,crocodile,0.8945,0.46
3026,crocodile,0.9829,0.5
3027,crocodile,0.9852,0.47
3028,crocodile,0.9647,0.48
3029,crocodile,0.98,0.47
3030,crocodile,0.952,0.49
3031,crocodile,0.9883,0.47
3032,crocodile,0.9974,0.5
3033,crocodile,0.995,0.47
3034,crocodile,0.9888,0.49
3035,crocodile,0.9476,0.44
3036,crocodile,0.9627,0.46
3037,crocodile,0.9568,0.49
3038,crocodile,0.9818,0.47
3039,crocodile,0.9898,0.5
3040,crocodile,0.9929,0.46
3041,crocodile,0.9942,0.49
3042,crocodile,0.9988,0.45
3043,crocodile,0.9941,0.49
3044,crocodile,0.9892,0.47
3045,crocodile,0.959,0.46
3046,crocodile,0.9781,0.49
3047,crocodile,0.6485,0.46
3048,crocodile,0.5732,0.49
3049,crocodile,0.8912,0.49
3050,crocodile,0.7207,0.45
3051,non-crocodile,0.7681,0.48
3052,non-crocodile,0.8878,0.45
3053,non-crocodile,0.8791,0.49
3054,non-crocodile,0.9334,0.45
3055,non-crocodile,0.9507,0.46
3056,non-crocodile,0.9515,0.48
3057,non-crocodile,0.9818,0.45
3058,non-crocodile,0.9852,0.49
3059,non-crocodile,0.9746,0.45
3060,non-crocodile,0.9225,0.48
3061,non-crocodile,0.8516,0.5
3062,non-crocodile,0.8161,0.46
3063,non-crocodile,0.8663,0.49
3064,non-crocodile,0.9529,0.47
3065,non-crocodile,0.9561,0.49
3066,non-crocodile,0.8784,0.45
3067,non-crocodile,0.9332,0.46
3068,non-crocodile,0.9577,0.5
3069,non-crocodile,0.942,0.46
3070,non-crocodile,0.9476,0.5
3071,non-crocodile,0.8788,0.48
3072,non-crocodile,0.8745,0.5
3073,non-crocodile,0.9306,0.46
3074,non-crocodile,0.906,0.49
3075,non-crocodile,0.8481,0.48
3076,non-crocodile,0.9007,0.49
3077,non-crocodile,0.8673,0.47
3078,non-crocodile,0.8949,0.49
3079,non-crocodile,0.9483,0.47
3080,non-crocodile,0.8801,0.5
3081,non-crocodile,0.909,0.47
3082,non-crocodile,0.8787,0.49
3083,non-crocodile,0.9082,0.49
3084,non-crocodile,0.9325,0.46
3085,non-crocodile,0.9044,0.49
3086,non-crocodile,0.8835,0.46
3087,non-crocodile,0.9179,0.48
3088,non-crocodile,0.8386,0.45
3089,non-crocodile,0.7995,0.49
3090,non-crocodile,0.7815,0.46
3091,non-crocodile,0.7699,0.49
3092,non-crocodile,0.7971,0.44
3093,non-crocodile,0.8284,0.46
3094,non-crocodile,0.586,0.49
3095,non-crocodile,0.7654,0.48
3096,non-crocodile,0.6992,0.49
3097,non-crocodile,0.8081,0.46
3098,non-crocodile,0.784,0.48
3099,non-crocodile,0.6858,0.48
3100,non-crocodile,0.6745,0.47
3101,non-crocodile,0.7266,0.48
3102,non-crocodile,0.8115,0.44
3103,non-crocodile,0.8456,0.48
3104,non-crocodile,0.7847,0.45
3105,non-crocodile,0.7809,0.45
3106,non-crocodile,0.8028,0.49
3107,non-crocodile,0.8766,0.45
3108,non-crocodile,0.8978,0.45
3109,non-crocodile,0.8711,0.5
3110,non-crocodile,0.8127,0.46
3111,non-crocodile,0.7739,0.49
3112,non-crocodile,0.7453,0.48
3113,non-crocodile,0.756,0.49
3114,non-crocodile,0.746,0.47
3115,non-crocodile,0.7531,0.49
3116,non-crocodile,0.7645,0.48
3117,non-crocodile,0.6297,0.49
3118,non-crocodile,0.5902,0.47
3119,non-crocodile,0.5606,0.48
3120,crocodile,0.6371,0.45
3121,crocodile,0.6398,0.45
3122,crocodile,0.7062,0.48
3123,crocodile,0.822,0.49
3124,crocodile,0.8164,0.49
3125,crocodile,0.7601,0.45
3126,crocodile,0.8217,0.49
3127,crocodile,0.7483,0.48
3128,crocodile,0.7913,0.47
3129,crocodile,0.8158,0.49
3130,crocodile,0.9353,0.47
3131,crocodile,0.9324,0.49
3132,crocodile,0.9871,0.48
3133,crocodile,0.9916,0.5
3134,crocodile,0.9964,0.48
3135,crocodile,0.9954,0.49
3136,crocodile,0.9959,0.47
3137,crocodile,0.9924,0.49
3138,crocodile,0.9938,0.48
3139,crocodile,0.9972,0.49
3140,crocodile,0.5416,0.48
3141,crocodile,0.6995,0.49
3142,non-crocodile,0.5155,0.47
3143,crocodile,0.5905,0.49
3144,crocodile,0.8337,0.45
3145,crocodile,0.7999,0.49
3146,crocodile,0.9283,0.48
3147,crocodile,0.8777,0.49
3148,crocodile,0.9481,0.45
3149,crocodile,0.9726,0.47
3150,crocodile,0.9908,0.47
3151,crocodile,0.9941,0.45
3152,crocodile,0.9946,0.49
3153,crocodile,0.9847,0.46
3154,crocodile,0.9974,0.49
3155,crocodile,0.9971,0.48
3156,crocodile,0.9839,0.48
3157,crocodile,0.9989,0.49
3158,crocodile,0.9993,0.48
3159,crocodile,0.9904,0.48
3160,crocodile,0.9973,0.47
3161,crocodile,0.9993,0.49
3162,crocodile,0.9979,0.44
3163,crocodile,0.9992,0.48
3164,crocodile,0.9993,0.45
3165,crocodile,0.9989,0.46
3166,crocodile,0.9998,0.47
3167,crocodile,0.9993,0.45
3168,crocodile,0.9998,0.46
3169,crocodile,0.9999,0.49
3170,crocodile,1.0,0.47
3171,crocodile,1.0,0.48
3172,crocodile,1.0,0.47
3173,crocodile,0.9997,0.48
3174,crocodile,0.9988,0.45
3175,crocodile,0.989,0.46
3176,crocodile,0.9675,0.5
3177,crocodile,0.8842,0.47
3178,crocodile,0.5275,0.49
3179,crocodile,0.6448,0.49
3180,crocodile,0.5753,0.5
3181,non-crocodile,0.6804,0.43
3182,non-crocodile,0.8165,0.5
3183,non-crocodile,0.8878,0.45
3184,non-crocodile,0.9226,0.46
3185,non-crocodile,0.7817,0.48
3186,non-crocodile,0.6156,0.45
3187,non-crocodile,0.7692,0.46
3188,non-crocodile,0.7952,0.49
3189,non-crocodile,0.5216,0.46
3190,crocodile,0.5778,0.49
3191,crocodile,0.887,0.48
3192,crocodile,0.7474,0.5
3193,crocodile,0.5899,0.47
3194,crocodile,0.8296,0.49
3195,crocodile,0.6666,0.48
3196,crocodile,0.6198,0.49
3197,crocodile,0.5812,0.48
3198,crocodile,0.6296,0.48
3199,crocodile,0.626,0.45
3200,crocodile,0.9999,0.45
3201,crocodile,0.9999,0.48
3202,crocodile,1.0,0.44
3203,crocodile,0.9999,0.46
3204,crocodile,1.0,0.49
3205,crocodile,1.0,0.47
3206,crocodile,1.0,0.5
3207,crocodile,1.0,0.46
3208,crocodile,0.9999,0.49
3209,crocodile,0.9999,0.46
3210,crocodile,1.0,0.48
3211,crocodile,0.9999,0.49
3212,crocodile,0.9999,0.45
3213,crocodile,0.9996,0.49
3214,crocodile,0.9955,0.44
3215,crocodile,0.9966,0.48
3216,crocodile,0.9993,0.48
3217,crocodile,0.9999,0.43
3218,crocodile,0.9999,0.49
3219,crocodile,0.9999,0.48
3220,crocodile,0.9998,0.46
3221,crocodile,0.9997,0.49
3222,crocodile,0.9997,0.48
3223,crocodile,0.9999,0.49
3224,crocodile,0.9999,0.46
3225,crocodile,0.9999,0.49
3226,crocodile,0.9996,0.46
3227,crocodile,0.9998,0.5
3228,crocodile,0.9999,0.45
3229,crocodile,0.9999,0.49
3230,crocodile,0.9998,0.47
3231,crocodile,0.9995,0.49
3232,crocodile,0.9991,0.47
3233,crocodile,0.9978,0.49
3234,crocodile,0.9991,0.47
3235,crocodile,0.9987,0.5
3236,crocodile,0.9989,0.47
3237,crocodile,0.9987,0.49
3238,crocodile,0.9988,0.48
3239,crocodile,0.9988,0.48
3240,crocodile,0.9982,0.48
3241,crocodile,0.9989,0.48
3242,crocodile,0.9994,0.44
3243,crocodile,0.9993,0.47
3244,crocodile,0.9992,0.5
3245,crocodile,0.9993,0.47
3246,crocodile,0.9994,0.48
3247,crocodile,0.9994,0.48
3248,crocodile,0.9993,0.5
3249,crocodile,0.9995,0.46
3250,crocodile,0.9984,0.5
3251,crocodile,0.9993,0.46
3252,crocodile,0.9993,0.49
3253,crocodile,0.9987,0.49
3254,crocodile,0.9995,0.46
3255,crocodile,0.9994,0.5
3256,crocodile,0.9994,0.46
3257,crocodile,0.9988,0.49
3258,crocodile,0.9989,0.46
3259,crocodile,0.9981,0.49
3260,crocodile,0.999,0.49
3261,crocodile,0.9994,0.49
3262,crocodile,0.9978,0.47
3263,crocodile,0.9975,0.49
3264,crocodile,0.9911,0.47
3265,crocodile,0.9923,0.5
3266,crocodile,0.9889,0.47
3267,crocodile,0.9973,0.49
3268,crocodile,0.9978,0.46
3269,crocodile,0.9986,0.49
3270,crocodile,0.9942,0.45
3271,crocodile,0.9929,0.49
3272,crocodile,0.9919,0.45
3273,crocodile,0.9795,0.48
3274,crocodile,0.9882,0.44
3275,crocodile,0.983,0.46
3276,crocodile,0.9895,0.49
3277,crocodile,0.9901,0.48
3278,crocodile,0.9902,0.48
3279,crocodile,0.9835,0.44
3280,crocodile,0.9841,0.45
3281,crocodile,0.9765,0.49
3282,crocodile,0.9867,0.46
3283,crocodile,0.9785,0.49
3284,crocodile,0.988,0.47
3285,crocodile,0.9929,0.48
3286,crocodile,0.996,0.47
3287,crocodile,0.9952,0.48
3288,crocodile,0.9941,0.49
3289,crocodile,0.9917,0.47
3290,crocodile,0.9892,0.48
3291,crocodile,0.9858,0.48
3292,crocodile,0.9868,0.5
3293,crocodile,0.9934,0.48
3294,crocodile,0.9878,0.5
3295,crocodile,0.9836,0.46
3296,crocodile,0.9853,0.44
3297,crocodile,0.9865,0.44
3298,crocodile,0.9916,0.46
3299,crocodile,0.9873,0.49
3300,crocodile,0.9893,0.47
3301,crocodile,0.9908,0.48
3302,crocodile,0.9897,0.44
3303,crocodile,0.991,0.47
3304,crocodile,0.9919,0.5
3305,crocodile,0.9925,0.47
3306,crocodile,0.994,0.5
3307,crocodile,0.9939,0.46
3308,crocodile,0.9925,0.49
3309,crocodile,0.9947,0.46
3310,crocodile,0.9948,0.49
3311,crocodile,0.993,0.49
3312,crocodile,0.9945,0.46
3313,crocodile,0.9947,0.5
3314,crocodile,0.9928,0.45
3315,crocodile,0.9945,0.49
3316,crocodile,0.9932,0.45
3317,crocodile,0.9931,0.49
3318,crocodile,0.9941,0.48
3319,crocodile,0.9943,0.49
3320,crocodile,0.9961,0.47
3321,crocodile,0.9976,0.49
3322,crocodile,0.9844,0.47
3323,crocodile,0.9769,0.49
3324,crocodile,0.9719,0.47
3325,crocodile,0.9815,0.47
3326,crocodile,0.9872,0.49
3327,crocodile,0.9803,0.47
3328,crocodile,0.9783,0.49
3329,crocodile,0.9785,0.47
3330,crocodile,0.9869,0.49
3331,crocodile,0.9848,0.46
3332,crocodile,0.9768,0.49
3333,crocodile,0.9871,0.48
3334,crocodile,0.9792,0.49
3335,crocodile,0.9892,0.47
3336,crocodile,0.9914,0.48
3337,crocodile,0.9971,0.48
3338,crocodile,0.994,0.49
3339,crocodile,0.9873,0.46
3340,crocodile,0.9921,0.49
3341,crocodile,0.9922,0.45
3342,crocodile,0.9921,0.49
3343,crocodile,0.9911,0.48
3344,crocodile,0.9972,0.49
3345,crocodile,0.9956,0.44
3346,crocodile,0.9984,0.47
3347,crocodile,0.9982,0.47
3348,crocodile,0.9979,0.45
3349,crocodile,0.9963,0.49
3350,crocodile,0.9952,0.46
3351,crocodile,0.9986,0.47
3352,crocodile,0.9988,0.48
3353,crocodile,0.9995,0.44
3354,crocodile,0.9994,0.49
3355,crocodile,0.9984,0.47
3356,crocodile,0.9994,0.49
3357,crocodile,0.9995,0.48
3358,crocodile,0.9996,0.49
3359,crocodile,0.9991,0.47
3360,crocodile,0.9994,0.49
3361,crocodile,0.9994,0.48
3362,crocodile,0.9995,0.5
3363,crocodile,0.9997,0.46
3364,crocodile,0.9996,0.49
3365,crocodile,0.9996,0.45
3366,crocodile,0.9997,0.49
3367,crocodile,0.9997,0.48
3368,crocodile,0.9999,0.46
3369,crocodile,0.9998,0.49
3370,crocodile,0.9997,0.47
3371,crocodile,0.9995,0.49
3372,crocodile,0.9994,0.48
3373,crocodile,0.9998,0.49
3374,crocodile,0.9999,0.47
3375,crocodile,0.9997,0.48
3376,crocodile,0.9993,0.45
3377,crocodile,0.9997,0.44
3378,crocodile,0.9996,0.48
3379,crocodile,0.9997,0.49
3380,crocodile,0.9997,0.46
3381,crocodile,0.9992,0.49
3382,crocodile,0.9998,0.44
3383,crocodile,0.9998,0.48
3384,crocodile,0.9998,0.45
3385,crocodile,0.9999,0.46
3386,crocodile,0.9997,0.49
3387,crocodile,0.9999,0.47
3388,crocodile,0.9997,0.47
3389,crocodile,0.9997,0.49
3390,crocodile,0.9841,0.46
3391,crocodile,0.9688,0.49
3392,crocodile,0.9201,0.47
3393,crocodile,0.9823,0.49
3394,crocodile,0.9819,0.48
3395,crocodile,0.9738,0.49
3396,crocodile,0.9883,0.47
3397,crocodile,0.9853,0.49
3398,crocodile,0.9932,0.47
3399,crocodile,0.9701,0.49
3400,crocodile,0.9867,0.47
3401,crocodile,0.9947,0.48
3402,crocodile,0.9881,0.47
3403,crocodile,0.9887,0.49
3404,crocodile,0.9901,0.47
3405,crocodile,0.9948,0.49
3406,crocodile,0.9958,0.48
3407,crocodile,0.9954,0.49
3408,crocodile,0.9966,0.47
3409,crocodile,0.9907,0.49
3410,crocodile,0.9914,0.48
3411,crocodile,0.9971,0.5
3412,crocodile,0.9937,0.45
3413,crocodile,0.9972,0.5
3414,crocodile,0.9924,0.45
3415,crocodile,0.9931,0.49
3416,crocodile,0.9907,0.47
3417,crocodile,0.9924,0.49
3418,crocodile,0.9961,0.48
3419,crocodile,0.9941,0.48
3420,crocodile,0.9949,0.48
3421,crocodile,0.9918,0.5
3422,crocodile,0.9888,0.46
3423,crocodile,0.9917,0.49
3424,crocodile,0.9921,0.47
3425,crocodile,0.993,0.49
3426,crocodile,0.9949,0.44
3427,crocodile,0.9943,0.46
3428,crocodile,0.9955,0.5
3429,crocodile,0.9952,0.46
3430,crocodile,0.9977,0.5
3431,crocodile,0.9971,0.47
3432,crocodile,0.9959,0.49
3433,crocodile,0.9957,0.47
3434,crocodile,0.994,0.49
3435,crocodile,0.9973,0.47
3436,crocodile,0.9981,0.48
3437,crocodile,0.9975,0.45
3438,crocodile,0.9965,0.46
3439,crocodile,0.9953,0.48
3440,crocodile,0.9957,0.46
3441,crocodile,0.9961,0.48
3442,crocodile,0.9962,0.45
3443,crocodile,0.9945,0.45
3444,crocodile,0.9951,0.49
3445,crocodile,0.9964,0.47
3446,crocodile,0.9975,0.47
3447,crocodile,0.9961,0.49
3448,crocodile,0.9969,0.48
3449,crocodile,0.9979,0.5
3450,crocodile,0.997,0.47
3451,crocodile,0.9972,0.48
3452,crocodile,0.9983,0.48
3453,crocodile,0.9979,0.48
3454,crocodile,0.9981,0.48
3455,crocodile,0.9985,0.49
3456,crocodile,0.9963,0.48
3457,crocodile,0.9975,0.49
3458,crocodile,0.9963,0.47
3459,crocodile,0.9975,0.49
3460,crocodile,0.9982,0.47
3461,crocodile,0.9982,0.49
3462,crocodile,0.9987,0.48
3463,crocodile,0.9985,0.46
3464,crocodile,0.9972,0.45
3465,crocodile,0.9975,0.48
3466,crocodile,0.9979,0.48
3467,crocodile,0.9961,0.5
3468,crocodile,0.9922,0.47
3469,crocodile,0.9944,0.5
3470,crocodile,0.9909,0.47
3471,crocodile,0.9876,0.49
3472,crocodile,0.9867,0.48
3473,crocodile,0.9867,0.49
3474,crocodile,0.99,0.47
3475,crocodile,0.9892,0.48
3476,crocodile,0.9903,0.48
3477,crocodile,0.9906,0.49
3478,crocodile,0.9895,0.46
3479,crocodile,0.9887,0.49
3480,crocodile,0.9903,0.47
3481,crocodile,0.9924,0.45
3482,crocodile,0.9918,0.49
3483,crocodile,0.9916,0.48
3484,crocodile,0.9934,0.49
3485,crocodile,0.9939,0.47
3486,crocodile,0.9914,0.5
3487,crocodile,0.9912,0.46
3488,crocodile,0.9907,0.49
3489,crocodile,0.9938,0.48
3490,crocodile,0.994,0.48
3491,crocodile,0.9938,0.47
3492,crocodile,0.9935,0.48
3493,crocodile,0.9939,0.45
3494,crocodile,0.9947,0.47
3495,crocodile,0.9913,0.49
3496,crocodile,0.9861,0.47
3497,crocodile,0.9879,0.48
3498,crocodile,0.986,0.45
3499,crocodile,0.9881,0.46
3500,crocodile,0.9905,0.49
3501,crocodile,0.973,0.47
3502,crocodile,0.9762,0.49
3503,crocodile,0.9827,0.48
3504,crocodile,0.982,0.48
3505,crocodile,0.9757,0.45
3506,crocodile,0.9815,0.46
3507,crocodile,0.9753,0.49
3508,crocodile,0.9624,0.47
3509,crocodile,0.9666,0.49
3510,crocodile,0.9761,0.47
3511,crocodile,0.9686,0.46
3512,crocodile,0.969,0.46
3513,crocodile,0.923,0.46
3514,crocodile,0.8749,0.49
3515,crocodile,0.9299,0.48
3516,crocodile,0.7797,0.49
3517,crocodile,0.9034,0.48
3518,crocodile,0.878,0.5
3519,crocodile,0.8048,0.45
3520,crocodile,0.8819,0.49
3521,crocodile,0.8156,0.44
3522,crocodile,0.8782,0.46
3523,crocodile,0.9063,0.48
3524,crocodile,0.9238,0.49
3525,crocodile,0.9183,0.5
3526,crocodile,0.903,0.45
3527,crocodile,0.9344,0.5
3528,crocodile,0.9601,0.49
3529,crocodile,0.9858,0.47
3530,crocodile,0.9851,0.5
3531,crocodile,0.9868,0.45
3532,crocodile,0.9856,0.49
3533,crocodile,0.9787,0.47
3534,crocodile,0.963,0.48
3535,crocodile,0.9695,0.45
3536,crocodile,0.9695,0.49
3537,crocodile,0.9647,0.48
3538,crocodile,0.9241,0.49
3539,crocodile,0.8575,0.48
3540,crocodile,0.8993,0.49
3541,crocodile,0.9407,0.46
3542,crocodile,0.9258,0.49
3543,crocodile,0.891,0.46
3544,crocodile,0.9441,0.49
3545,crocodile,0.9461,0.49
3546,crocodile,0.7452,0.46
3547,crocodile,0.905,0.49
3548,crocodile,0.9456,0.44
3549,crocodile,0.9783,0.48
3550,crocodile,0.9659,0.4
3551,crocodile,0.979,0.41
3552,crocodile,0.9421,0.47
3553,crocodile,0.9025,0.46
3554,crocodile,0.9056,0.48
3555,crocodile,0.8408,0.48
3556,crocodile,0.8861,0.49
3557,crocodile,0.9113,0.47
3558,crocodile,0.9578,0.48
3559,crocodile,0.6162,0.45
3560,crocodile,0.5041,0.46
3561,crocodile,0.7515,0.49
3562,crocodile,0.5496,0.46
3563,non-crocodile,0.6051,0.49
3564,non-crocodile,0.7403,0.5
3565,non-crocodile,0.7525,0.45
3566,non-crocodile,0.7905,0.49
3567,non-crocodile,0.7799,0.47
3568,non-crocodile,0.7715,0.5
3569,non-crocodile,0.7723,0.47
3570,non-crocodile,0.8184,0.49
3571,non-crocodile,0.8188,0.48
3572,non-crocodile,0.8432,0.49
3573,non-crocodile,0.7247,0.48
3574,non-crocodile,0.7671,0.48
3575,non-crocodile,0.6844,0.45
3576,non-crocodile,0.7531,0.5
3577,non-crocodile,0.8328,0.46
3578,non-crocodile,0.7375,0.49
3579,non-crocodile,0.6627,0.46
3580,non-crocodile,0.7562,0.49
3581,non-crocodile,0.6738,0.5
3582,non-crocodile,0.7609,0.46
3583,non-crocodile,0.742,0.5
3584,non-crocodile,0.5918,0.46
3585,crocodile,0.5405,0.5
3586,non-crocodile,0.533,0.47
3587,crocodile,0.761,0.49
3588,crocodile,0.6879,0.47
3589,crocodile,0.7394,0.49
3590,crocodile,0.8965,0.47
3591,crocodile,0.7723,0.5
3592,crocodile,0.701,0.46
3593,crocodile,0.8407,0.49
3594,crocodile,0.5467,0.48
3595,non-crocodile,0.5166,0.5
3596,crocodile,0.5973,0.48
3597,non-crocodile,0.5151,0.49
3598,crocodile,0.6071,0.47
3599,non-crocodile,0.7024,0.48
3600,non-crocodile,0.7675,0.49
3601,crocodile,0.6101,0.49
3602,non-crocodile,0.8621,0.48
3603,crocodile,0.7901,0.49
3604,non-crocodile,0.5613,0.45
3605,crocodile,0.7949,0.48
3606,crocodile,0.8372,0.47
3607,crocodile,0.8693,0.5
3608,crocodile,0.6698,0.49
3609,crocodile,0.8002,0.49
3610,crocodile,0.8377,0.46
3611,non-crocodile,0.5846,0.48
3612,crocodile,0.8953,0.45
3613,crocodile,0.8538,0.46
3614,non-crocodile,0.7689,0.49
3615,non-crocodile,0.8713,0.47
3616,non-crocodile,0.9768,0.49
3617,non-crocodile,0.9607,0.48
3618,non-crocodile,0.9889,0.48
3619,non-crocodile,0.9992,0.45
3620,non-crocodile,0.9656,0.46
3621,non-crocodile,0.9864,0.48
3622,non-crocodile,0.9977,0.48
3623,non-crocodile,0.9967,0.49
3624,non-crocodile,0.9935,0.45
3625,non-crocodile,0.8909,0.46
3626,non-crocodile,0.9274,0.49
3627,non-crocodile,0.9055,0.47
3628,crocodile,0.5996,0.48
3629,crocodile,0.6726,0.48
3630,non-crocodile,0.6911,0.5
3631,non-crocodile,0.6846,0.47
3632,non-crocodile,0.7497,0.47
3633,non-crocodile,0.6289,0.45
3634,non-crocodile,0.761,0.47
3635,non-crocodile,0.7682,0.47
3636,non-crocodile,0.6402,0.46
3637,crocodile,0.9994,0.46
3638,crocodile,0.9997,0.49
3639,crocodile,0.9998,0.46
3640,crocodile,0.9998,0.47
3641,crocodile,0.9998,0.45
3642,crocodile,0.9995,0.45
3643,crocodile,0.9997,0.49
3644,crocodile,0.9998,0.48
3645,crocodile,0.9999,0.5
3646,crocodile,1.0,0.47
3647,crocodile,1.0,0.48
3648,crocodile,0.9999,0.48
3649,crocodile,0.9994,0.49
3650,crocodile,0.9932,0.47
3651,non-crocodile,0.5071,0.48
3652,non-crocodile,0.8191,0.44
3653,crocodile,0.9327,0.46
3654,crocodile,0.9982,0.49
3655,crocodile,0.9993,0.48
3656,crocodile,0.9934,0.49
3657,crocodile,0.9348,0.47
3658,crocodile,0.9743,0.49
3659,crocodile,0.946,0.44
3660,crocodile,0.9505,0.45
3661,crocodile,0.8797,0.48
3662,crocodile,0.9388,0.49
3663,crocodile,0.8599,0.46
3664,crocodile,0.8956,0.48
3665,crocodile,0.8811,0.45
3666,crocodile,0.9388,0.48
3667,crocodile,0.9665,0.44
3668,crocodile,0.8999,0.44
3669,crocodile,0.9839,0.49
3670,crocodile,0.987,0.49
3671,crocodile,0.9932,0.47
3672,crocodile,0.9861,0.49
3673,crocodile,0.9846,0.48
3674,crocodile,0.9907,0.49
3675,crocodile,0.982,0.47
3676,crocodile,0.9816,0.49
3677,crocodile,0.988,0.48
3678,crocodile,0.9959,0.49
3679,crocodile,0.9883,0.46
3680,crocodile,0.9422,0.49
3681,crocodile,0.9599,0.47
3682,crocodile,0.9712,0.49
3683,crocodile,0.9912,0.44
3684,crocodile,0.9954,0.49
3685,crocodile,0.9953,0.47
3686,crocodile,0.9964,0.49
3687,crocodile,0.9986,0.48
3688,crocodile,0.999,0.47
3689,crocodile,0.9985,0.45
3690,crocodile,0.9994,0.46
3691,crocodile,0.9997,0.49
3692,crocodile,0.9995,0.47
3693,crocodile,0.9995,0.49
3694,crocodile,0.9995,0.47
3695,crocodile,0.9995,0.5
3696,crocodile,0.9997,0.46
3697,crocodile,0.9996,0.5
3698,crocodile,0.9995,0.46
3699,crocodile,0.9994,0.48
3700,crocodile,0.9994,0.48
3701,crocodile,0.9995,0.48
3702,crocodile,0.9994,0.48
3703,crocodile,0.9991,0.5
3704,crocodile,0.9974,0.47
3705,crocodile,0.9987,0.49
3706,crocodile,0.9993,0.48
3707,crocodile,0.9997,0.5
3708,crocodile,0.9993,0.46
3709,crocodile,0.9987,0.5
3710,crocodile,0.999,0.47
3711,crocodile,0.9976,0.49
3712,crocodile,0.9968,0.47
3713,crocodile,0.9971,0.49
3714,crocodile,0.997,0.48
3715,crocodile,0.9988,0.48
3716,crocodile,0.9988,0.48
3717,crocodile,0.9992,0.49
3718,crocodile,0.9582,0.47
3719,crocodile,0.9681,0.49
3720,crocodile,0.9764,0.49
3721,crocodile,0.9572,0.47
3722,crocodile,0.9903,0.49
3723,crocodile,0.966,0.47
3724,crocodile,0.9572,0.49
3725,crocodile,0.9078,0.46
3726,crocodile,0.9374,0.49
3727,crocodile,0.8448,0.48
3728,non-crocodile,0.622,0.49
3729,non-crocodile,0.9478,0.43
3730,non-crocodile,0.9938,0.48
3731,non-crocodile,0.9639,0.5
3732,non-crocodile,0.9515,0.46
3733,non-crocodile,0.9394,0.49
3734,non-crocodile,0.96,0.47
3735,non-crocodile,0.8664,0.48
3736,non-crocodile,0.936,0.48
3737,non-crocodile,0.9548,0.49
3738,non-crocodile,0.9681,0.47
3739,non-crocodile,0.8668,0.5
3740,non-crocodile,0.8168,0.47
3741,non-crocodile,0.6927,0.5
3742,crocodile,0.6275,0.46
3743,crocodile,0.7234,0.5
3744,crocodile,0.6604,0.48
3745,non-crocodile,0.5528,0.48
3746,crocodile,0.6888,0.46
3747,crocodile,0.8045,0.49
3748,crocodile,0.8603,0.46
3749,crocodile,0.912,0.5
3750,crocodile,0.9403,0.46
3751,crocodile,0.9175,0.48
3752,crocodile,0.9671,0.43
3753,crocodile,0.921,0.47
3754,crocodile,0.9578,0.49
3755,crocodile,0.9505,0.47
3756,crocodile,0.9858,0.51
3757,crocodile,0.9807,0.45
3758,crocodile,0.9906,0.49
3759,crocodile,0.9879,0.46
3760,crocodile,0.97,0.49
3761,crocodile,0.9782,0.47
3762,crocodile,0.9514,0.48
3763,crocodile,0.9613,0.49
3764,crocodile,0.9873,0.47
3765,crocodile,0.9883,0.5
3766,crocodile,0.9872,0.48
3767,crocodile,0.9825,0.49
3768,crocodile,0.9877,0.47
3769,crocodile,0.9935,0.49
3770,crocodile,0.9916,0.48
3771,crocodile,0.9945,0.5
3772,crocodile,0.9915,0.47
3773,crocodile,0.9909,0.48
3774,crocodile,0.9951,0.45
3775,crocodile,0.994,0.49
3776,crocodile,0.995,0.46
3777,crocodile,0.9952,0.49
3778,crocodile,0.9878,0.45
3779,crocodile,0.9896,0.49
3780,crocodile,0.9879,0.47
3781,crocodile,0.9899,0.45
3782,crocodile,0.9871,0.49
3783,crocodile,0.988,0.48
3784,crocodile,0.9954,0.5
3785,crocodile,0.9958,0.47
3786,crocodile,0.9952,0.48
3787,crocodile,0.9949,0.45
3788,crocodile,0.9932,0.45
3789,crocodile,0.9912,0.49
3790,crocodile,0.99,0.47
3791,crocodile,0.9894,0.49
3792,crocodile,0.9886,0.45
3793,crocodile,0.9881,0.44
3794,crocodile,0.9899,0.49
3795,crocodile,0.9912,0.48
3796,crocodile,0.9926,0.46
3797,crocodile,0.9917,0.49
3798,crocodile,0.991,0.47
3799,crocodile,0.9899,0.45
3800,crocodile,0.9883,0.42
3801,crocodile,0.9912,0.44
3802,crocodile,0.9935,0.47
3803,crocodile,0.9934,0.49
3804,crocodile,0.9935,0.47
3805,crocodile,0.9941,0.49
3806,crocodile,0.9968,0.48
3807,crocodile,0.9968,0.49
3808,crocodile,0.9958,0.47
3809,crocodile,0.9962,0.49
3810,crocodile,0.9971,0.46
3811,crocodile,0.9979,0.49
3812,crocodile,0.9989,0.47
3813,crocodile,0.9978,0.49
3814,crocodile,0.9983,0.47
3815,crocodile,0.9946,0.49
3816,crocodile,0.9946,0.48
3817,crocodile,0.9949,0.49
3818,crocodile,0.9911,0.48
3819,crocodile,0.9757,0.49
3820,crocodile,0.9779,0.47
3821,crocodile,0.9585,0.5
3822,crocodile,0.9593,0.47
3823,crocodile,0.9809,0.49
3824,crocodile,0.9822,0.48
3825,crocodile,0.9679,0.46
3826,crocodile,0.9622,0.45
3827,crocodile,0.8976,0.46
3828,non-crocodile,0.9082,0.49
3829,non-crocodile,0.9217,0.45
3830,non-crocodile,0.9176,0.47
3831,non-crocodile,0.9082,0.5
3832,non-crocodile,0.9186,0.46
3833,non-crocodile,0.9223,0.49
3834,non-crocodile,0.9139,0.46
3835,non-crocodile,0.9064,0.49
3836,non-crocodile,0.9075,0.49
3837,non-crocodile,0.8864,0.45
3838,non-crocodile,0.856,0.49
3839,non-crocodile,0.8726,0.44
3840,non-crocodile,0.8714,0.48
3841,non-crocodile,0.9048,0.45
3842,non-crocodile,0.867,0.46
3843,non-crocodile,0.8491,0.49
3844,non-crocodile,0.906,0.47
3845,non-crocodile,0.8887,0.49
3846,non-crocodile,0.857,0.47
3847,non-crocodile,0.8832,0.49
3848,non-crocodile,0.8805,0.45
3849,non-crocodile,0.8583,0.46
3850,non-crocodile,0.8699,0.49
3851,non-crocodile,0.8799,0.46
3852,non-crocodile,0.8474,0.49
3853,non-crocodile,0.8441,0.48
3854,non-crocodile,0.8784,0.49
3855,non-crocodile,0.8664,0.47
3856,non-crocodile,0.8845,0.46
3857,non-crocodile,0.8518,0.47
3858,non-crocodile,0.7605,0.46
3859,non-crocodile,0.8055,0.51
3860,non-crocodile,0.7652,0.46
3861,non-crocodile,0.7682,0.49
3862,non-crocodile,0.773,0.47
3863,non-crocodile,0.7846,0.5
3864,non-crocodile,0.8058,0.47
3865,non-crocodile,0.8329,0.49
3866,non-crocodile,0.8172,0.47
3867,non-crocodile,0.8683,0.5
3868,non-crocodile,0.8586,0.46
3869,non-crocodile,0.8363,0.5
3870,non-crocodile,0.8683,0.48
3871,non-crocodile,0.857,0.49
3872,non-crocodile,0.8766,0.46
3873,non-crocodile,0.8655,0.49
3874,non-crocodile,0.8113,0.47
3875,non-crocodile,0.8429,0.49
3876,non-crocodile,0.8018,0.49
3877,non-crocodile,0.7854,0.5
3878,non-crocodile,0.8042,0.46
3879,non-crocodile,0.8675,0.5
3880,non-crocodile,0.8525,0.48
3881,non-crocodile,0.8233,0.49
3882,non-crocodile,0.8788,0.47
3883,non-crocodile,0.8673,0.48
3884,non-crocodile,0.8694,0.48
3885,non-crocodile,0.8409,0.49
3886,non-crocodile,0.811,0.47
3887,non-crocodile,0.828,0.49
3888,non-crocodile,0.8784,0.45
3889,non-crocodile,0.8523,0.49
3890,non-crocodile,0.8496,0.48
3891,non-crocodile,0.8133,0.48
3892,non-crocodile,0.8172,0.5
3893,non-crocodile,0.8411,0.46
3894,non-crocodile,0.8057,0.49
3895,non-crocodile,0.799,0.47
3896,non-crocodile,0.8161,0.5
3897,non-crocodile,0.8165,0.48
3898,non-crocodile,0.834,0.49
3899,non-crocodile,0.8601,0.48
3900,non-crocodile,0.8448,0.49
3901,non-crocodile,0.83,0.47
3902,non-crocodile,0.8791,0.49
3903,non-crocodile,0.8795,0.47
3904,non-crocodile,0.8705,0.49
3905,non-crocodile,0.7928,0.47
3906,non-crocodile,0.7657,0.49
3907,non-crocodile,0.8329,0.48
3908,non-crocodile,0.8559,0.5
3909,non-crocodile,0.8616,0.47
3910,non-crocodile,0.8609,0.48
3911,non-crocodile,0.8567,0.48
3912,non-crocodile,0.8375,0.5
3913,non-crocodile,0.8501,0.47
3914,non-crocodile,0.8255,0.49
3915,non-crocodile,0.7998,0.47
3916,non-crocodile,0.8248,0.5
3917,non-crocodile,0.8243,0.47
3918,non-crocodile,0.7532,0.49
3919,non-crocodile,0.7638,0.48
3920,non-crocodile,0.755,0.49
3921,non-crocodile,0.7985,0.45
3922,non-crocodile,0.7986,0.48
3923,non-crocodile,0.8531,0.47
3924,non-crocodile,0.7947,0.49
3925,non-crocodile,0.8132,0.46
3926,non-crocodile,0.7642,0.5
3927,non-crocodile,0.7011,0.45
3928,non-crocodile,0.7956,0.49
3929,non-crocodile,0.762,0.49
3930,non-crocodile,0.6709,0.46
3931,non-crocodile,0.5587,0.49
3932,crocodile,0.5193,0.47
3933,non-crocodile,0.5814,0.5
3934,crocodile,0.5492,0.48
3935,crocodile,0.7398,0.49
3936,crocodile,0.88,0.47
3937,crocodile,0.822,0.49
3938,crocodile,0.789,0.48
3939,crocodile,0.9127,0.5
3940,crocodile,0.9272,0.46
3941,crocodile,0.7976,0.49
3942,crocodile,0.961,0.47
3943,crocodile,0.9037,0.49
3944,crocodile,0.841,0.48
3945,crocodile,0.9487,0.49
3946,crocodile,0.9118,0.47
3947,crocodile,0.9223,0.48
3948,crocodile,0.9221,0.44
3949,crocodile,0.9541,0.49
3950,crocodile,0.9583,0.47
3951,crocodile,0.9646,0.46
3952,crocodile,0.9288,0.45
3953,crocodile,0.9194,0.46
3954,crocodile,0.9594,0.48
3955,crocodile,0.9438,0.45
3956,crocodile,0.8643,0.46
3957,crocodile,0.7992,0.49
3958,crocodile,0.8475,0.48
3959,crocodile,0.8107,0.48
3960,crocodile,0.9095,0.48
3961,crocodile,0.9032,0.49
3962,crocodile,0.9405,0.48
3963,crocodile,0.9521,0.5
3964,crocodile,0.9085,0.46
3965,crocodile,0.7863,0.49
3966,crocodile,0.9007,0.44
3967,crocodile,0.9638,0.47
3968,crocodile,0.99,0.5
3969,crocodile,0.9898,0.46
3970,crocodile,0.9901,0.49
3971,crocodile,0.9876,0.46
3972,crocodile,0.9753,0.5
3973,crocodile,0.9693,0.5
3974,crocodile,0.983,0.49
3975,crocodile,0.9795,0.47
3976,crocodile,0.9013,0.49
3977,crocodile,0.8607,0.47
3978,crocodile,0.875,0.5
3979,crocodile,0.9226,0.47
3980,crocodile,0.8824,0.5
3981,crocodile,0.8099,0.45
3982,crocodile,0.8073,0.5
3983,crocodile,0.7854,0.47
3984,crocodile,0.8321,0.47
3985,crocodile,0.8809,0.5
3986,crocodile,0.8466,0.46
3987,crocodile,0.9402,0.49
3988,crocodile,0.8617,0.46
3989,crocodile,0.877,0.49
3990,crocodile,0.9198,0.46
3991,crocodile,0.8689,0.49
3992,crocodile,0.9101,0.47
3993,crocodile,0.8419,0.49
3994,crocodile,0.8985,0.48
3995,crocodile,0.8043,0.49
3996,crocodile,0.8239,0.47
3997,crocodile,0.8903,0.49
3998,crocodile,0.5807,0.46
3999,non-crocodile,0.6532,0.48
4000,crocodile,0.6014,0.5
4001,crocodile,0.5686,0.46
4002,crocodile,0.6855,0.5
4003,crocodile,0.7364,0.46
4004,non-crocodile,0.638,0.48
4005,non-crocodile,0.6536,0.43
4006,non-crocodile,0.5629,0.49
4007,crocodile,0.6282,0.49
4008,crocodile,0.5448,0.46
4009,non-crocodile,0.6983,0.49
4010,non-crocodile,0.5393,0.46
4011,non-crocodile,0.8287,0.48
4012,non-crocodile,0.6805,0.47
4013,non-crocodile,0.7264,0.49
4014,non-crocodile,0.7286,0.46
4015,non-crocodile,0.7126,0.48
4016,non-crocodile,0.7291,0.45
4017,non-crocodile,0.7456,0.46
4018,non-crocodile,0.652,0.49
4019,non-crocodile,0.7585,0.48
4020,non-crocodile,0.6985,0.49
4021,non-crocodile,0.6338,0.48
4022,crocodile,0.5518,0.47
4023,non-crocodile,0.5296,0.46
4024,non-crocodile,0.7314,0.46
4025,non-crocodile,0.5758,0.5
4026,non-crocodile,0.6292,0.46
4027,crocodile,0.5253,0.48
4028,crocodile,0.5182,0.45
4029,non-crocodile,0.6752,0.5
4030,crocodile,0.7379,0.45
4031,crocodile,0.5305,0.47
4032,crocodile,0.7604,0.48
4033,non-crocodile,0.5129,0.48
4034,non-crocodile,0.7661,0.48
4035,non-crocodile,0.6957,0.45
4036,non-crocodile,0.6719,0.46
4037,non-crocodile,0.6618,0.5
4038,crocodile,0.8125,0.46
4039,crocodile,0.7242,0.48
4040,crocodile,0.6444,0.48
4041,crocodile,0.7318,0.48
4042,crocodile,0.8053,0.48
4043,crocodile,0.6557,0.5
4044,crocodile,0.5888,0.46
4045,crocodile,0.608,0.49
4046,crocodile,0.7627,0.49
4047,crocodile,0.7845,0.46
4048,crocodile,0.8381,0.49
4049,crocodile,0.7731,0.47
4050,crocodile,0.7447,0.49
4051,crocodile,0.5698,0.47
4052,crocodile,0.5672,0.49
4053,crocodile,0.6365,0.45
4054,crocodile,0.621,0.49
4055,non-crocodile,0.5078,0.47
4056,crocodile,0.5654,0.48
4057,non-crocodile,0.7624,0.45
4058,non-crocodile,0.6444,0.47
4059,non-crocodile,0.8514,0.5
4060,non-crocodile,0.7393,0.47
4061,non-crocodile,0.6831,0.48
4062,non-crocodile,0.68,0.48
4063,non-crocodile,0.5541,0.5
4064,non-crocodile,0.5101,0.46
4065,non-crocodile,0.6395,0.49
4066,non-crocodile,0.702,0.48
4067,crocodile,0.5212,0.46
4068,non-crocodile,0.7845,0.48
4069,non-crocodile,0.8103,0.45
4070,non-crocodile,0.713,0.48
4071,crocodile,0.552,0.47
4072,crocodile,0.6252,0.48
4073,non-crocodile,0.6934,0.44
4074,non-crocodile,0.687,0.44
4075,crocodile,0.5236,0.49
4076,non-crocodile,0.5296,0.46
4077,crocodile,0.8923,0.46
4078,crocodile,0.8497,0.49
4079,crocodile,0.7986,0.48
4080,crocodile,0.7535,0.48
4081,crocodile,0.5093,0.45
4082,crocodile,0.6838,0.46
4083,crocodile,0.6691,0.49
4084,crocodile,0.8001,0.48
4085,crocodile,0.9118,0.5
4086,crocodile,0.9566,0.47
4087,crocodile,0.8241,0.49
4088,crocodile,0.8057,0.47
4089,crocodile,0.8764,0.49
4090,crocodile,0.826,0.47
4091,crocodile,0.7885,0.5
4092,crocodile,0.7013,0.47
4093,crocodile,0.7382,0.5
4094,crocodile,0.7937,0.47
4095,crocodile,0.8156,0.49
4096,crocodile,0.8574,0.48
4097,crocodile,0.9556,0.49
4098,crocodile,0.9216,0.48
4099,crocodile,0.9025,0.5
4100,crocodile,0.8466,0.47
4101,crocodile,0.8917,0.49
4102,crocodile,0.8709,0.46
4103,crocodile,0.864,0.5
4104,crocodile,0.8641,0.49
4105,crocodile,0.8797,0.49
4106,crocodile,0.9314,0.47
4107,crocodile,0.8224,0.49
4108,crocodile,0.872,0.48
4109,crocodile,0.8051,0.49
4110,crocodile,0.8273,0.47
4111,crocodile,0.9238,0.5
4112,crocodile,0.95,0.43
4113,crocodile,0.9619,0.49
4114,crocodile,0.9244,0.47
4115,crocodile,0.8881,0.46
4116,crocodile,0.9119,0.48
4117,crocodile,0.9352,0.44
4118,crocodile,0.9044,0.46
4119,crocodile,0.8193,0.49
4120,crocodile,0.9225,0.48
4121,crocodile,0.9775,0.49
4122,crocodile,0.9811,0.47
4123,crocodile,0.9683,0.5
4124,crocodile,0.9439,0.47
4125,crocodile,0.9715,0.49
4126,crocodile,0.975,0.45
4127,crocodile,0.9766,0.46
4128,crocodile,0.9823,0.49
4129,crocodile,0.9603,0.47
4130,crocodile,0.9639,0.5
4131,crocodile,0.9881,0.47
4132,crocodile,0.9866,0.5
4133,crocodile,0.9839,0.47
4134,crocodile,0.9929,0.49
4135,crocodile,0.9961,0.48
4136,crocodile,0.995,0.49
4137,crocodile,0.9911,0.46
4138,crocodile,0.995,0.49
4139,crocodile,0.9823,0.48
4140,crocodile,0.9909,0.46
4141,crocodile,0.9835,0.48
4142,crocodile,0.9787,0.46
4143,crocodile,0.963,0.5
4144,crocodile,0.9897,0.46
4145,crocodile,0.9712,0.49
4146,crocodile,0.9932,0.47
4147,crocodile,0.9875,0.5
4148,crocodile,0.9968,0.49
4149,crocodile,0.9943,0.49
4150,crocodile,0.9917,0.47
4151,crocodile,0.9754,0.48
4152,crocodile,0.9889,0.45
4153,crocodile,0.9885,0.45
4154,crocodile,0.9695,0.49
4155,crocodile,0.986,0.47
4156,crocodile,0.9785,0.49
4157,crocodile,0.9859,0.47
4158,crocodile,0.9877,0.49
4159,crocodile,0.9946,0.45
4160,crocodile,0.995,0.46
4161,crocodile,0.9915,0.49
4162,crocodile,0.9945,0.46
4163,crocodile,0.9949,0.48
4164,crocodile,0.9908,0.45
4165,crocodile,0.9954,0.46
4166,crocodile,0.9921,0.49
4167,crocodile,0.9927,0.47
4168,crocodile,0.9945,0.47
4169,crocodile,0.9867,0.46
4170,crocodile,0.9928,0.45
4171,crocodile,0.9841,0.49
4172,crocodile,0.9859,0.48
4173,crocodile,0.9908,0.49
4174,crocodile,0.993,0.48
4175,crocodile,0.991,0.49
4176,crocodile,0.9841,0.49
4177,crocodile,0.9712,0.49
4178,crocodile,0.975,0.46
4179,crocodile,0.9578,0.49
4180,crocodile,0.9734,0.46
4181,crocodile,0.9728,0.49
4182,crocodile,0.96,0.49
4183,crocodile,0.9656,0.46
4184,crocodile,0.9427,0.49
4185,crocodile,0.8957,0.47
4186,crocodile,0.8835,0.49
4187,crocodile,0.8648,0.47
4188,crocodile,0.9139,0.5
4189,crocodile,0.9613,0.48
4190,crocodile,0.9113,0.49
4191,crocodile,0.9182,0.47
4192,crocodile,0.8628,0.48
4193,crocodile,0.9183,0.48
4194,crocodile,0.9265,0.5
4195,crocodile,0.9454,0.47
4196,crocodile,0.9183,0.49
4197,crocodile,0.9627,0.47
4198,crocodile,0.8819,0.5
4199,crocodile,0.9437,0.47
4200,crocodile,0.9461,0.49
4201,crocodile,0.9145,0.46
4202,crocodile,0.9368,0.48
4203,crocodile,0.9081,0.45
4204,crocodile,0.9003,0.5
4205,crocodile,0.9378,0.48
4206,crocodile,0.9144,0.5
4207,crocodile,0.9197,0.45
4208,crocodile,0.9399,0.5
4209,crocodile,0.9232,0.49
4210,crocodile,0.9426,0.49
4211,crocodile,0.9052,0.47
4212,crocodile,0.9324,0.49
4213,crocodile,0.9504,0.47
4214,crocodile,0.9651,0.47
4215,crocodile,0.9823,0.48
4216,crocodile,0.9698,0.5
4217,crocodile,0.9766,0.47
4218,crocodile,0.9557,0.49
4219,crocodile,0.9607,0.46
4220,crocodile,0.9729,0.49
4221,crocodile,0.9734,0.5
4222,crocodile,0.9815,0.46
4223,crocodile,0.9601,0.49
4224,crocodile,0.9754,0.47
4225,crocodile,0.9616,0.49
4226,crocodile,0.979,0.48
4227,crocodile,0.9665,0.49
4228,crocodile,0.9369,0.48
4229,crocodile,0.935,0.49
4230,crocodile,0.965,0.48
4231,crocodile,0.9778,0.49
4232,crocodile,0.9774,0.47
4233,crocodile,0.981,0.48
4234,crocodile,0.975,0.46
4235,crocodile,0.9511,0.49
4236,crocodile,0.9739,0.45
4237,crocodile,0.9146,0.49
4238,crocodile,0.9083,0.45
4239,crocodile,0.9367,0.48
4240,crocodile,0.9356,0.47
4241,crocodile,0.9607,0.45
4242,crocodile,0.9262,0.48
4243,crocodile,0.9541,0.49
4244,crocodile,0.9457,0.46
4245,crocodile,0.971,0.49
4246,crocodile,0.9591,0.48
4247,crocodile,0.9857,0.5
4248,crocodile,0.976,0.47
4249,crocodile,0.9818,0.49
4250,crocodile,0.9838,0.47
4251,crocodile,0.9609,0.48
4252,crocodile,0.9688,0.46
4253,crocodile,0.9721,0.47
4254,crocodile,0.956,0.44
4255,crocodile,0.9384,0.46
4256,crocodile,0.8844,0.49
4257,crocodile,0.9406,0.48
4258,crocodile,0.9154,0.49
4259,crocodile,0.9713,0.47
4260,crocodile,0.8889,0.5
4261,crocodile,0.9387,0.46
4262,crocodile,0.8917,0.5
4263,crocodile,0.9626,0.45
4264,crocodile,0.9525,0.5
4265,crocodile,0.9663,0.49
4266,crocodile,0.9731,0.48
4267,crocodile,0.958,0.49
4268,crocodile,0.9845,0.45
4269,crocodile,0.9612,0.5
4270,crocodile,0.9254,0.48
4271,crocodile,0.847,0.5
4272,crocodile,0.7795,0.48
4273,crocodile,0.9263,0.49
4274,crocodile,0.9019,0.46
4275,crocodile,0.853,0.48
4276,crocodile,0.8114,0.45
4277,crocodile,0.7917,0.49
4278,crocodile,0.8113,0.47
4279,crocodile,0.9218,0.49
4280,crocodile,0.9063,0.46
4281,crocodile,0.9385,0.49
4282,crocodile,0.8636,0.49
4283,crocodile,0.9029,0.5
4284,crocodile,0.796,0.47
4285,crocodile,0.8889,0.48
4286,crocodile,0.9252,0.48
4287,crocodile,0.9111,0.49
4288,crocodile,0.8339,0.47
4289,crocodile,0.8605,0.49
4290,crocodile,0.8016,0.47
4291,crocodile,0.83,0.49
4292,crocodile,0.8123,0.49
4293,crocodile,0.7487,0.45
4294,crocodile,0.7002,0.49
4295,crocodile,0.8068,0.48
4296,crocodile,0.8453,0.5
4297,crocodile,0.807,0.46
4298,crocodile,0.5416,0.49
4299,crocodile,0.6718,0.45
4300,crocodile,0.7214,0.48
4301,crocodile,0.5938,0.46
4302,crocodile,0.6113,0.48
4303,crocodile,0.7104,0.49
4304,crocodile,0.6399,0.47
4305,crocodile,0.8653,0.49
4306,crocodile,0.6472,0.48
4307,crocodile,0.8061,0.48
4308,crocodile,0.7987,0.45
4309,crocodile,0.8619,0.49
4310,crocodile,0.9443,0.47
4311,crocodile,0.8919,0.49
4312,crocodile,0.8974,0.48
4313,crocodile,0.7643,0.49
4314,crocodile,0.9649,0.46
4315,crocodile,0.7623,0.49
4316,crocodile,0.8359,0.47
4317,crocodile,0.9332,0.49
4318,crocodile,0.9184,0.48
4319,crocodile,0.846,0.49
4320,crocodile,0.859,0.48
4321,crocodile,0.7295,0.49
4322,crocodile,0.7101,0.47
4323,crocodile,0.631,0.49
4324,crocodile,0.6716,0.46
4325,crocodile,0.7355,0.49
4326,crocodile,0.8313,0.48
4327,crocodile,0.7631,0.47
4328,crocodile,0.786,0.46
4329,crocodile,0.8129,0.45
4330,crocodile,0.805,0.47
4331,crocodile,0.8453,0.47
4332,crocodile,0.8727,0.5
4333,crocodile,0.8496,0.46
4334,crocodile,0.8246,0.46
4335,crocodile,0.9212,0.5
4336,crocodile,0.9605,0.45
4337,crocodile,0.8875,0.5
4338,crocodile,0.9067,0.48
4339,crocodile,0.829,0.46
4340,crocodile,0.9251,0.49
4341,crocodile,0.8545,0.44
4342,crocodile,0.7186,0.49
4343,crocodile,0.7425,0.49
4344,crocodile,0.8752,0.45
4345,crocodile,0.8685,0.49
4346,crocodile,0.8373,0.47
4347,crocodile,0.7087,0.49
4348,non-crocodile,0.5536,0.47
4349,crocodile,0.6952,0.48
4350,crocodile,0.7858,0.46
4351,crocodile,0.838,0.48
4352,crocodile,0.7838,0.48
4353,crocodile,0.8076,0.48
4354,crocodile,0.8413,0.48
4355,crocodile,0.8632,0.5
4356,crocodile,0.6674,0.46
4357,crocodile,0.6799,0.49
4358,crocodile,0.8883,0.47
4359,crocodile,0.7557,0.49
4360,crocodile,0.8558,0.45
4361,crocodile,0.5295,0.46
4362,crocodile,0.6717,0.49
4363,crocodile,0.7291,0.46
4364,non-crocodile,0.5089,0.49
4365,crocodile,0.6588,0.49
4366,crocodile,0.7851,0.46
4367,crocodile,0.5134,0.5
4368,crocodile,0.774,0.48
4369,crocodile,0.5282,0.5
4370,crocodile,0.7651,0.45
4371,crocodile,0.7641,0.49
4372,crocodile,0.9119,0.46
4373,crocodile,0.8188,0.5
4374,crocodile,0.9281,0.47
4375,crocodile,0.8696,0.49
4376,crocodile,0.8463,0.47
4377,crocodile,0.923,0.5
4378,crocodile,0.922,0.46
4379,crocodile,0.84,0.49
4380,crocodile,0.8912,0.46
4381,crocodile,0.8387,0.49
4382,crocodile,0.847,0.5
4383,crocodile,0.8311,0.46
4384,crocodile,0.8826,0.49
4385,crocodile,0.8669,0.47
4386,crocodile,0.9043,0.5
4387,crocodile,0.7914,0.47
4388,crocodile,0.9091,0.49
4389,crocodile,0.9443,0.47
4390,crocodile,0.9191,0.5
4391,crocodile,0.9091,0.47
4392,crocodile,0.8169,0.48
4393,crocodile,0.9171,0.47
4394,crocodile,0.9428,0.48
4395,crocodile,0.8591,0.45
4396,crocodile,0.8484,0.49
4397,crocodile,0.8883,0.46
4398,crocodile,0.8723,0.48
4399,crocodile,0.862,0.48
4400,crocodile,0.8025,0.46
4401,crocodile,0.944,0.48
4402,crocodile,0.9274,0.44
4403,crocodile,0.8647,0.48
4404,crocodile,0.83,0.49
4405,crocodile,0.8246,0.46
4406,crocodile,0.967,0.49
4407,crocodile,0.8568,0.47
4408,crocodile,0.838,0.49
4409,crocodile,0.8896,0.47
4410,crocodile,0.9162,0.49
4411,crocodile,0.8786,0.45
4412,crocodile,0.8669,0.48
4413,crocodile,0.8683,0.48
4414,crocodile,0.8794,0.49
4415,crocodile,0.9232,0.48
4416,crocodile,0.8705,0.49
4417,crocodile,0.8971,0.47
4418,crocodile,0.8562,0.49
4419,crocodile,0.9536,0.47
4420,crocodile,0.8995,0.49
4421,crocodile,0.8491,0.47
4422,crocodile,0.8419,0.49
4423,crocodile,0.712,0.47
4424,crocodile,0.7586,0.49
4425,crocodile,0.774,0.48
4426,crocodile,0.8971,0.5
4427,crocodile,0.9252,0.45
4428,non-crocodile,0.936,0.47
4429,non-crocodile,0.9458,0.46
4430,non-crocodile,0.9639,0.46
4431,non-crocodile,0.973,0.5
4432,non-crocodile,0.976,0.46
4433,non-crocodile,0.9773,0.5
4434,non-crocodile,0.9765,0.46
4435,non-crocodile,0.9711,0.5
4436,non-crocodile,0.9733,0.45
4437,non-crocodile,0.9827,0.49
4438,non-crocodile,0.986,0.47
4439,non-crocodile,0.9874,0.49
4440,non-crocodile,0.9881,0.48
4441,non-crocodile,0.9877,0.48
4442,non-crocodile,0.9937,0.48
4443,non-crocodile,0.9945,0.5
4444,non-crocodile,0.9962,0.46
4445,non-crocodile,0.9955,0.51
4446,non-crocodile,0.9947,0.45
4447,non-crocodile,0.9953,0.5
4448,non-crocodile,0.9954,0.47
4449,non-crocodile,0.9952,0.49
4450,non-crocodile,0.9938,0.46
4451,non-crocodile,0.9853,0.46
4452,non-crocodile,0.9814,0.45
4453,non-crocodile,0.9794,0.45
4454,non-crocodile,0.9676,0.48
4455,non-crocodile,0.97,0.45
4456,non-crocodile,0.972,0.44
4457,non-crocodile,0.9743,0.49
4458,non-crocodile,0.9752,0.44
4459,non-crocodile,0.9755,0.49
4460,non-crocodile,0.9746,0.46
4461,non-crocodile,0.9753,0.46
4462,non-crocodile,0.9755,0.5
4463,non-crocodile,0.9753,0.46
4464,non-crocodile,0.9751,0.49
4465,non-crocodile,0.9756,0.47
4466,non-crocodile,0.9754,0.49
4467,non-crocodile,0.9752,0.48
4468,non-crocodile,0.9749,0.48
4469,non-crocodile,0.9751,0.48
4470,non-crocodile,0.9749,0.49
4471,non-crocodile,0.9743,0.47
4472,non-crocodile,0.9744,0.49
4473,non-crocodile,0.9739,0.45
4474,non-crocodile,0.9739,0.5
4475,non-crocodile,0.975,0.46
4476,non-crocodile,0.9747,0.49
4477,non-crocodile,0.9748,0.48
4478,non-crocodile,0.9744,0.5
4479,non-crocodile,0.9745,0.46
4480,non-crocodile,0.9745,0.48
4481,non-crocodile,0.9743,0.48
4482,non-crocodile,0.9738,0.49
4483,non-crocodile,0.974,0.48
4484,non-crocodile,0.974,0.5
4485,non-crocodile,0.9741,0.45
4486,non-crocodile,0.9736,0.48
4487,non-crocodile,0.9735,0.45
4488,non-crocodile,0.9739,0.46
4489,non-crocodile,0.974,0.5
4490,non-crocodile,0.9741,0.45
4491,non-crocodile,0.9748,0.5
4492,non-crocodile,0.9745,0.46
4493,non-crocodile,0.9742,0.5
4494,non-crocodile,0.9742,0.47
4495,non-crocodile,0.9739,0.49
4496,non-crocodile,0.9737,0.47
4497,non-crocodile,0.973,0.48
4498,non-crocodile,0.9726,0.48
4499,non-crocodile,0.9731,0.5
4500,non-crocodile,0.9732,0.46
4501,non-crocodile,0.9733,0.49
4502,non-crocodile,0.9732,0.47
4503,non-crocodile,0.9734,0.49
4504,non-crocodile,0.9732,0.47
4505,non-crocodile,0.9731,0.49
4506,non-crocodile,0.973,0.46
4507,non-crocodile,0.9734,0.47
4508,non-crocodile,0.973,0.45
4509,non-crocodile,0.9731,0.46
4510,non-crocodile,0.9731,0.49
4511,non-crocodile,0.9731,0.47
4512,non-crocodile,0.9731,0.49
4513,non-crocodile,0.9732,0.46
4514,non-crocodile,0.9733,0.49
4515,non-crocodile,0.9734,0.46
4516,non-crocodile,0.9735,0.48
4517,non-crocodile,0.9739,0.45
4518,non-crocodile,0.9742,0.46
4519,non-crocodile,0.9742,0.49
4520,non-crocodile,0.9729,0.47
4521,non-crocodile,0.9728,0.49
4522,non-crocodile,0.9728,0.47
4523,non-crocodile,0.9727,0.49
4524,non-crocodile,0.9729,0.46
4525,non-crocodile,0.973,0.49
4526,non-crocodile,0.9729,0.48
4527,non-crocodile,0.9732,0.48
4528,non-crocodile,0.9731,0.48
4529,non-crocodile,0.9727,0.49
4530,non-crocodile,0.9729,0.47
4531,non-crocodile,0.973,0.49
4532,non-crocodile,0.9727,0.47
4533,non-crocodile,0.9724,0.49
4534,non-crocodile,0.9721,0.47
4535,non-crocodile,0.9725,0.49
4536,non-crocodile,0.9721,0.46
4537,non-crocodile,0.9726,0.49
4538,non-crocodile,0.9726,0.48
4539,non-crocodile,0.973,0.46
4540,non-crocodile,0.9731,0.45
4541,non-crocodile,0.9727,0.45
4542,non-crocodile,0.9723,0.49
4543,non-crocodile,0.9722,0.48
4544,non-crocodile,0.9721,0.51
4545,non-crocodile,0.972,0.46
4546,non-crocodile,0.9721,0.47
4547,non-crocodile,0.9722,0.48
4548,non-crocodile,0.9727,0.51
4549,non-crocodile,0.9729,0.45
4550,non-crocodile,0.9729,0.49
4551,non-crocodile,0.973,0.45
